event_url,시술명,새_원가
https://www.yeoshin.co.kr/event/mobile/25842,대표원장 1:1 디자인 리프팅 울쎄라,"278,000원
VAT 포함"
https://www.yeoshin.co.kr/event/mobile/26740,대표원장 1:1 맞춤 시술 울쎄라 400샷,"1,183,000원
VAT 포함"
https://www.yeoshin.co.kr/event/mobile/24105,프리미엄 울쎄라 패키지,"1,302,000원
VAT 포함"
https://www.yeoshin.co.kr/event/mobile/25845,[대표원장]인모드는 길게 롱모드 풀페이스,"213,000원
VAT 포함"
https://www.yeoshin.co.kr/event/mobile/17247,V라인 인모드 리프팅,"246,000원
VAT 포함"
https://www.yeoshin.co.kr/event/mobile/9558,인모드 여자피부과전문의,"153,000원
VAT 포함"
https://www.yeoshin.co.kr/event/mobile/17246,탄력 UP 슈링크 유니버스,"158,000원
VAT 포함"
https://www.yeoshin.co.kr/event/mobile/16042,슈링크 유니버스 300샷,"92,000원
VAT 포함"
https://www.yeoshin.co.kr/event/mobile/24652,대표원장 상담 시술 슈링크유니버스,"57,900원
VAT 포함"
https://www.yeoshin.co.kr/event/mobile/25843,써마지 CPT,"192,000원
VAT 포함"
https://www.yeoshin.co.kr/event/mobile/26568,대표원장 꼼꼼하게 직접 시술 써마지600샷,"1,843,000원
VAT 포함"
https://www.yeoshin.co.kr/event/mobile/26799,잠실온 피부과전문의_ 써마지FLX 600샷,"1,962,000원
VAT 포함"
https://www.yeoshin.co.kr/event/mobile/22590,연예인 리프팅 써마지 flx 600샷,"1,893,000원
VAT 포함"
https://www.yeoshin.co.kr/event/mobile/25910,써마지,"1,973,000원
VAT 포함"
https://www.yeoshin.co.kr/event/mobile/27119,리쥬란힐러 2CC+LDM엠보진정관리,"213,000원
VAT 포함"
https://www.yeoshin.co.kr/event/mobile/27190,LDM 물방울 리프팅 맛집(피부맞춤모드),"31,000원
VAT 포함"
https://www.yeoshin.co.kr/event/mobile/24651,모공 쫀쫀 포텐자 풀페이스+LDM,"178,900원
VAT 포함"
https://www.yeoshin.co.kr/event/mobile/25326,리즈셀줄기세포(얼굴) +PPP+물광+LDM,"847,000원
VAT 포함"
https://www.yeoshin.co.kr/event/mobile/25888,LDM 물방울 리프팅 / 1인실 클렌징,"37,000원
VAT 포함"
https://www.yeoshin.co.kr/event/mobile/27037,"4세대 물광 필링! 쎄라필 1,2제+LDM","92,000원
VAT 포함"
https://www.yeoshin.co.kr/event/mobile/26013,바르는 스킨부스터 위코우노+LDM/1인실,"173,000원
VAT 포함"
https://www.yeoshin.co.kr/event/mobile/24653,대표원장 시술 온다리프팅 4만줄(40kJ),"378,000원
VAT 포함"
https://www.yeoshin.co.kr/event/mobile/27122,슈링크 300샷,"73,000원
VAT 포함"
https://www.yeoshin.co.kr/event/mobile/19269,유노 슈링크 400샷,"213,000원
VAT 포함"
https://www.yeoshin.co.kr/event/mobile/26035,"슈링크 오로라 부스터 - 탄력, 재생,미백","565,000원
VAT 포함"
https://www.yeoshin.co.kr/event/mobile/16062,피부탄력과 피부톤개선 티타늄리프팅,"193,000원
VAT 포함"
https://www.yeoshin.co.kr/event/mobile/21526,(대표원장) DM 풀페이스 얼굴지방이식,"990,000원
VAT 포함"
https://www.yeoshin.co.kr/event/mobile/26746,혈액세포 풀페이스 지방이식,"4,000,000원
VAT 포함"
https://www.yeoshin.co.kr/event/mobile/21103,자연스러운 볼륨_풀페이스지방이식,"990,000원
VAT 포함"
https://www.yeoshin.co.kr/event/mobile/20901,더비비 풀페이스 얼굴지방이식,"599,000원
VAT 포함"
https://www.yeoshin.co.kr/event/mobile/27081,더이뻐 올리지오,"180,000원
VAT 포함"
https://www.yeoshin.co.kr/event/mobile/17285,강력해진 올리지오 X,"598,000원
VAT 포함"
https://www.yeoshin.co.kr/event/mobile/24654,고주파리프팅 볼뉴머 대표원장 시술,"174,500원
VAT 포함"
https://www.yeoshin.co.kr/event/mobile/17248,볼뉴머 리프팅 300샷,"708,000원
VAT 포함"
https://www.yeoshin.co.kr/event/mobile/13125,튠페이스블루+레드40KJ,"483,000원
VAT 포함"
https://www.yeoshin.co.kr/event/mobile/16576,튠페이스,"392,000원
VAT 포함"
https://www.yeoshin.co.kr/event/mobile/23744,정품 아이써마지 FLX 225샷 특가,"983,000원
VAT 포함"
https://www.yeoshin.co.kr/event/mobile/26742,리프팅 끝판왕! 세르프 탄력 개선 풀페이스,"973,000원
VAT 포함"
https://www.yeoshin.co.kr/event/mobile/21011,통증 거의 없이예뻐지자! 엔샤인 온다쎄르프,"1,263,000원
VAT 포함"
https://www.yeoshin.co.kr/event/mobile/26798,잠실온 피부과전문의_ 텐써마,"653,000원
VAT 포함"
https://www.yeoshin.co.kr/event/mobile/25515,탄력리프팅에는 텐써마,"469,000원"
https://www.yeoshin.co.kr/event/mobile/25898,넥타이트 패키지,"1,038,000원
VAT 포함"
https://www.yeoshin.co.kr/event/mobile/26793,잠실온 피부과 전문의_ 리니어지 리프팅,"191,000원
VAT 포함"
https://www.yeoshin.co.kr/event/mobile/25989,리니어지 리프팅 턱라인/이중턱/눈가/바디,"133,000원
VAT 포함"
https://www.yeoshin.co.kr/event/mobile/27036,눈가 버츄/처진눈꺼풀/탄력/1:1의사상담,"203,000원
VAT 포함"
https://www.yeoshin.co.kr/event/mobile/11900,여드름 모공 여자피부과전문의,"92,000원
VAT 포함"
https://www.yeoshin.co.kr/event/mobile/22162,피팅_팔뚝지방흡입,"605,000원
VAT 포함"
https://www.yeoshin.co.kr/event/mobile/22161,피팅_복부지방흡입,"605,000원
VAT 포함"
https://www.yeoshin.co.kr/event/mobile/25851,엘싸(초음파 지방융해술),"653,000원
VAT 포함"
https://www.yeoshin.co.kr/event/mobile/25848,벨로디2 라인정리와 탄력을 한번에,"873,000원
VAT 포함"
https://www.yeoshin.co.kr/event/mobile/25844,엘리시스센스 풀페이스,"125,000원
VAT 포함"
https://www.yeoshin.co.kr/event/mobile/24458,덴티움 임플란트,"290,000원
VAT 포함"
https://www.yeoshin.co.kr/event/mobile/22460,#티안나는#콧볼축소 하이봄 콧볼축소 42.9,"429,000원
VAT 포함"
https://www.yeoshin.co.kr/event/mobile/24472,남성 확대 수술(T링),"500,000원
VAT 포함"
https://www.yeoshin.co.kr/event/mobile/25847,이중턱묶기,"653,000원
VAT 포함"
https://www.yeoshin.co.kr/event/mobile/790,우아 잼버실리프팅,"103,000원
VAT 포함"
https://www.yeoshin.co.kr/event/mobile/25846,듀얼라인 실리프팅으로 강력하게,"433,000원
VAT 포함"
https://www.yeoshin.co.kr/event/mobile/17700,민트실,"250,000원"
https://www.yeoshin.co.kr/event/mobile/24644,대표원장 디자인 시술 실리프팅 모음,"101,900원
VAT 포함"
https://www.yeoshin.co.kr/event/mobile/26024,"잼버, 민트 실 리프팅","488,000원
VAT 포함"
https://www.yeoshin.co.kr/event/mobile/24861,-10 미니거상_대표원장,"869,000원
VAT 포함"
https://www.yeoshin.co.kr/event/mobile/26823,"유니 미니거상, 안면거상","715,000원
VAT 포함"
https://www.yeoshin.co.kr/event/mobile/21473,헤어라인 안쪽 미세절개 ! DM 미니거상,"2,200,000원
VAT 포함"
https://www.yeoshin.co.kr/event/mobile/21038,SMAS미니거상1부위/성형외과전문의진료,"1,870,000원
VAT 포함"
https://www.yeoshin.co.kr/event/mobile/22426,3세대 4D 미니거상 미니리프팅,"979,000원
VAT 포함"
https://www.yeoshin.co.kr/event/mobile/26183,리프성형외과 커스텀 미니거상,"2,079,000원
VAT 포함"
https://www.yeoshin.co.kr/event/mobile/25477,유이 하안면부 안면거상술,"6,600,000원
VAT 포함"
https://www.yeoshin.co.kr/event/mobile/27661,대표원장 직접시술 / 정품팁 울쎄라피프라임,"422,000원
VAT 포함"
https://www.yeoshin.co.kr/event/mobile/25909,울쎄라피프라임,"2,193,000원
VAT 포함"
https://www.yeoshin.co.kr/event/mobile/25835,촉촉 쫀득 리쥬베룩 4cc,"356,000원
VAT 포함"
https://www.yeoshin.co.kr/event/mobile/25837,탄력업 쫀쫀 쥬베룩 4cc,"213,000원
VAT 포함"
https://www.yeoshin.co.kr/event/mobile/27080,더이뻐 쥬베룩볼륨/쥬베룩스킨,"92,000원
VAT 포함"
https://www.yeoshin.co.kr/event/mobile/17120,스킨부스터 쥬베룩,"112,000원
VAT 포함"
https://www.yeoshin.co.kr/event/mobile/17699,쥬베룩/쥬베룩볼륨,"69,000원"
https://www.yeoshin.co.kr/event/mobile/19279,유노 쥬베룩,"353,000원
VAT 포함"
https://www.yeoshin.co.kr/event/mobile/13290,여드름 흉터 여자피부과전문의,"183,000원
VAT 포함"
https://www.yeoshin.co.kr/event/mobile/26016,대표원장시술 듀얼스킨부스터_리쥬란+리투오,"893,000원
VAT 포함"
https://www.yeoshin.co.kr/event/mobile/21015,섬세한 손길로 채우는 피부 속! 리쥬란,"183,000원
VAT 포함"
https://www.yeoshin.co.kr/event/mobile/2764,더마샤인 리쥬란 힐러주사,"262,000원
VAT 포함"
https://www.yeoshin.co.kr/event/mobile/19266,유노 에어녹스 리쥬란힐러 2cc,"268,000원
VAT 포함"
https://www.yeoshin.co.kr/event/mobile/17688,피부재생 리쥬란힐러+리쥬란아이,"198,000원"
https://www.yeoshin.co.kr/event/mobile/19265,유노 리쥬란힐러 2cc,"213,000원
VAT 포함"
https://www.yeoshin.co.kr/event/mobile/14461,통증적은 리쥬란 힐러/리쥬란 블랙 2cc,"213,000원
VAT 포함"
https://www.yeoshin.co.kr/event/mobile/26213,물광주사 2.5cc 진정 관리 포함,"81,000원
VAT 포함"
https://www.yeoshin.co.kr/event/mobile/26866,리투오 7cc_더마샤인 저통증 촘촘 시술,"983,000원
VAT 포함"
https://www.yeoshin.co.kr/event/mobile/27668,대표원장 직접시술 / 레디어스(칼슘필러),"883,000원
VAT 포함"
https://www.yeoshin.co.kr/event/mobile/26797,잠실온 피부과전문의_ 레디어스,"763,000원
VAT 포함"
https://www.yeoshin.co.kr/event/mobile/25836,엑소좀ASCE+엘리시스 니들 고주파,"333,000원
VAT 포함"
https://www.yeoshin.co.kr/event/mobile/20313,[정품]엑소좀ASCE+5CC,"178,000원
VAT 포함"
https://www.yeoshin.co.kr/event/mobile/27664,대표원장 직접 시술 / 물광 릴리이드M,"132,000원
VAT 포함"
https://www.yeoshin.co.kr/event/mobile/27012,"레이저토닝 1회(선릉,선정릉,강남)","33,000원
VAT 포함"
https://www.yeoshin.co.kr/event/mobile/24645,더이뻐 피코토닝,"101,900원
VAT 포함"
https://www.yeoshin.co.kr/event/mobile/666,명동루비_포텐자 다이아몬드 리프팅,"183,000원
VAT 포함"
https://www.yeoshin.co.kr/event/mobile/27560,맑은 피부 피코토닝,"173,000원
VAT 포함"
https://www.yeoshin.co.kr/event/mobile/27446,"잠실온 피부과전문의_ 흑자, 기미, 잡티,","103,000원
VAT 포함"
https://www.yeoshin.co.kr/event/mobile/26214,피코토닝+제네시스+백옥주사 미백관리 포함,"191,000원
VAT 포함"
https://www.yeoshin.co.kr/event/mobile/11002,안티에이징 미백레이저 여자피부과전문의,"213,000원
VAT 포함"
https://www.yeoshin.co.kr/event/mobile/7851,피코토닝,"103,000원
VAT 포함"
https://www.yeoshin.co.kr/event/mobile/24579,듀얼 토닝(미백+제네시스),"59,000원
VAT 포함"
https://www.yeoshin.co.kr/event/mobile/26037,나비존 피코 프락셀 진정케어 포함 - 모공,"125,000원
VAT 포함"
https://www.yeoshin.co.kr/event/mobile/9645,젠틀맥스 PRO 여자피부과전문의,"43,000원
VAT 포함"
https://www.yeoshin.co.kr/event/mobile/21427,안구건조증 정밀검사 및 치료 (IPL),"100,000원
VAT 포함"
https://www.yeoshin.co.kr/event/mobile/26863,추가금X 풀옵션 올레이저 라식 라섹,"1,590,000원
VAT 포함"
https://www.yeoshin.co.kr/event/mobile/24648,더이뻐 악센토 레이저 제모(여성),"8,500원
VAT 포함"
https://www.yeoshin.co.kr/event/mobile/25952,아쿠아필3step+플라즈마 재생관리+로션X,"43,000원
VAT 포함"
https://www.yeoshin.co.kr/event/mobile/25816,줄기세포볼륨주사 (100%ECM),"1,540,000원
VAT 포함"
https://www.yeoshin.co.kr/event/mobile/24897,리메이크셀 고농축 줄기세포피부주사,"880,000원
VAT 포함"
https://www.yeoshin.co.kr/event/mobile/27411,유니_줄기세포정맥주사,"1,100,000원
VAT 포함"
https://www.yeoshin.co.kr/event/mobile/22119,정맥주사 아너스티 줄기세포 정맥주사,"1,100,000원
VAT 포함"
https://www.yeoshin.co.kr/event/mobile/27423,"자가지방 SVF 줄기세포 피부,정맥주사","3,850,000원
VAT 포함"
https://www.yeoshin.co.kr/event/mobile/24466,줄기세포 정맥주사,"300,000원
VAT 포함"
https://www.yeoshin.co.kr/event/mobile/25771,피부과전문의_줄기세포 LR-PRP 추출,"3,190,000원
VAT 포함"
https://www.yeoshin.co.kr/event/mobile/26236,"피부재생&성장 촉진, 성장인자 주사","4,950,000원
VAT 포함"
https://www.yeoshin.co.kr/event/mobile/26806,반하다 줄기세포 두피주사,"484,000원
VAT 포함"
https://www.yeoshin.co.kr/event/mobile/26235,자가혈 재생치료,"979,000원
VAT 포함"
https://www.yeoshin.co.kr/event/mobile/26770,반하다 줄기세포 피부주사,"660,000원
VAT 포함"
https://www.yeoshin.co.kr/event/mobile/27408,PRP 풀페이스 혈액 주사,"330,000원
VAT 포함"
https://www.yeoshin.co.kr/event/mobile/26220,순플러스_줄기세포 피부주사,"1,800,000원
VAT 포함"
https://www.yeoshin.co.kr/event/mobile/26883,뉴엘라인 줄기세포패키지,"1,089,000원
VAT 포함"
https://www.yeoshin.co.kr/event/mobile/26031,줄기세포 - 항노화 스킨부스터 리버스에이징,"715,000원
VAT 포함"
https://www.yeoshin.co.kr/event/mobile/20696,1인원장 자가혈 줄기세포 주사,"660,000원
VAT 포함"
https://www.yeoshin.co.kr/event/mobile/26256,시간을 되돌리는 혈액 줄기세포주사 노바스템,"715,000원
VAT 포함"
https://www.yeoshin.co.kr/event/mobile/27381,자가 혈액세포 풀페이스 주사,"1,100,000원
VAT 포함"
https://www.yeoshin.co.kr/event/mobile/25327,항노화 줄기세포 정맥주사,"1,947,000원
VAT 포함"
https://www.yeoshin.co.kr/event/mobile/22342,셀레니크 마스터 줄기세포 프로그램,"2,200,000원
VAT 포함"
https://www.yeoshin.co.kr/event/mobile/25450,젊어지는 기적! 줄기세포 피부주사,"1,300,000원
VAT 포함"
https://www.yeoshin.co.kr/event/mobile/25476,PRP+줄기세포+물광,"530,000원
VAT 포함"
https://www.yeoshin.co.kr/event/mobile/26469,"정품 미니쉬 골드, 올리브치과의원","980,000원
VAT 포함"
https://www.yeoshin.co.kr/event/mobile/26018,새살침+서브시전 (흉터치료)+재생팩,"37,000원
VAT 포함"
https://www.yeoshin.co.kr/event/mobile/25558,다이어트환으로 간편하고 빠르게!,"80,000원
VAT 포함"
https://www.yeoshin.co.kr/event/mobile/20940,모공청소 깔끔하게 아쿠아필,"59,000원
VAT 포함"
https://www.yeoshin.co.kr/event/mobile/17261,프리미엄 아쿠아필 3단계,"42,000원
VAT 포함"
https://www.yeoshin.co.kr/event/mobile/27487,꼭 필요한 충치 치료만 권하는 곳,"150,000원
VAT 포함"
https://www.yeoshin.co.kr/event/mobile/25796,지금 신청 필수! 라식라섹 혜택 진행중,"900,000원
VAT 포함"
https://www.yeoshin.co.kr/event/mobile/27697,프리미엄 4세대 필링 쎄라필(+관리 옵션),"53,000원
VAT 포함"
https://www.yeoshin.co.kr/event/mobile/5914,프리미엄4세대 라라필 LALAFILL,"70,000원
VAT 포함"
https://www.yeoshin.co.kr/event/mobile/5541,맞춤형 필링,"92,000원
VAT 포함"
https://www.yeoshin.co.kr/event/mobile/25203,수두/여드름흉터/상처흉터 새살침(서브시전),"26,000원
VAT 포함"
https://www.yeoshin.co.kr/event/mobile/27120,울트라콜200+콜라겐 부스팅 침투,"53,000원
VAT 포함"
https://www.yeoshin.co.kr/event/mobile/26206,닥터고운선 울트라콜 1cc,"70,000원
VAT 포함"
https://www.yeoshin.co.kr/event/mobile/9727,피부 손상을 최대한 줄이고 안전하게 피코문신제거,"103,000원
VAT 포함"
https://www.yeoshin.co.kr/event/mobile/6127,얼굴 지방분해 윤곽주사,"32,000원
VAT 포함"
https://www.yeoshin.co.kr/event/mobile/26023,브이핏 제오민 윤곽톡스 - 한번에 윤곽정리,"323,000원
VAT 포함"
https://www.yeoshin.co.kr/event/mobile/21775,360도 완벽하게 전체로! 복부 지방흡입,"1,430,000원
VAT 포함"
https://www.yeoshin.co.kr/event/mobile/25158,복부 1부위 지방흡입,"540,000원
VAT 포함"
https://www.yeoshin.co.kr/event/mobile/24839,르로제 슬림복부 지방흡입,"2,999,000원
VAT 포함"
https://www.yeoshin.co.kr/event/mobile/21429,대용량 복부 지방흡입,"550,000원
VAT 포함"
https://www.yeoshin.co.kr/event/mobile/22249,지세븐 복부 지방흡입,"4,180,000원
VAT 포함"
https://www.yeoshin.co.kr/event/mobile/21035,"매끈한 라인 개선 복부, 둔부 지방흡입 수술","990,000원
VAT 포함"
https://www.yeoshin.co.kr/event/mobile/26533,일공공 미니복부 허벅지 지방흡입,"660,000원
VAT 포함"
https://www.yeoshin.co.kr/event/mobile/21400,대용량 팔지방흡입,"420,000원
VAT 포함"
https://www.yeoshin.co.kr/event/mobile/22248,지세븐 팔 지방흡입,"2,640,000원
VAT 포함"
https://www.yeoshin.co.kr/event/mobile/21040,"팔, 등, 뒷 겨드랑이 상체 지방 흡입","800,000원
VAT 포함"
https://www.yeoshin.co.kr/event/mobile/21601,프리미엄 청순팔 지방흡입,"2,900,000원
VAT 포함"
https://www.yeoshin.co.kr/event/mobile/25142,팔 1부위 지방흡입,"760,000원
VAT 포함"
https://www.yeoshin.co.kr/event/mobile/26939,팔 360도 지방흡입,"4,400,000원
VAT 포함"
https://www.yeoshin.co.kr/event/mobile/21402,대용량 허벅지지방흡입,"450,000원
VAT 포함"
https://www.yeoshin.co.kr/event/mobile/22250,지세븐 허벅지 지방흡입,"4,180,000원
VAT 포함"
https://www.yeoshin.co.kr/event/mobile/21603,프리미엄 허벅지 지방흡입,"3,000,000원
VAT 포함"
https://www.yeoshin.co.kr/event/mobile/21029,"매끈한 라인으로 개선 허벅지, 둔부 지방흡입","990,000원
VAT 포함"
https://www.yeoshin.co.kr/event/mobile/21776,코끼다리BYE~무릎라인까지! 허벅지 지방흡입,"1,980,000원
VAT 포함"
https://www.yeoshin.co.kr/event/mobile/25156,허벅지 1부위 지방흡입,"390,000원
VAT 포함"
https://www.yeoshin.co.kr/event/mobile/26802,반하다 종아리보톡스&지방흡입,"869,000원
VAT 포함"
https://www.yeoshin.co.kr/event/mobile/22251,지세븐 엉덩이 지방이식,"2,970,000원
VAT 포함"
https://www.yeoshin.co.kr/event/mobile/25957,눈밑지방재배치,"1,089,000원
VAT 포함"
https://www.yeoshin.co.kr/event/mobile/21655,하안검 /눈밑지방재배치/제거 성형외과전문의,"1,860,000원
VAT 포함"
https://www.yeoshin.co.kr/event/mobile/21476,(대표원장) DM 격막강화 눈밑지방재배치,"770,000원
VAT 포함"
https://www.yeoshin.co.kr/event/mobile/24896,새김 눈밑지방재배치,"1,100,000원
VAT 포함"
https://www.yeoshin.co.kr/event/mobile/26520,리얼리 눈밑지방재배치,"847,000원
VAT 포함"
https://www.yeoshin.co.kr/event/mobile/22540,눈밑지/눈밑지방재배치/ 마블 눈밑지방재배치,"990,000원
VAT 포함"
https://www.yeoshin.co.kr/event/mobile/21396,눈밑지방재배치,"1,090,000원
VAT 포함"
https://www.yeoshin.co.kr/event/mobile/24904,성형외과전문의 1인원장 눈밑지방재배치,"1,980,000원
VAT 포함"
https://www.yeoshin.co.kr/event/mobile/22816,덜 아픈 앙코르레이저 눈밑지방재배치,"2,750,000원
VAT 포함"
https://www.yeoshin.co.kr/event/mobile/23252,대구 격막강화 눈밑지방재배치 다크서클,"1,090,000원
VAT 포함"
https://www.yeoshin.co.kr/event/mobile/22951,눈밑지방재배치 맞춤교정술,"880,000원
VAT 포함"
https://www.yeoshin.co.kr/event/mobile/26201,하이브리드 눈밑지방재배치,"2,100,000원
VAT 포함"
https://www.yeoshin.co.kr/event/mobile/25312,반니_격막강화 탄력 눈밑지방재배치,"990,000원
VAT 포함"
https://www.yeoshin.co.kr/event/mobile/26088,중년눈성형 눈밑지방재배치 상안검 하안검,"871,000원
VAT 포함"
https://www.yeoshin.co.kr/event/mobile/21116,볼록하고 어두운 눈밑지방재배치,"990,000원
VAT 포함"
https://www.yeoshin.co.kr/event/mobile/25016,눈밑지방제거 및 재배치,"590,000원
VAT 포함"
https://www.yeoshin.co.kr/event/mobile/21338,v여우라인대용량지방흡입/이중턱+턱선,"660,000원
VAT 포함"
https://www.yeoshin.co.kr/event/mobile/21044,v여우라인/이중턱근육묶기+이중턱 살제거,"1,870,000원
VAT 포함"
https://www.yeoshin.co.kr/event/mobile/21425,V라인을 위한 얼굴지흡 DM 이중턱 지방흡입,"550,000원
VAT 포함"
https://www.yeoshin.co.kr/event/mobile/21610,이중턱 지방흡입+근육묶기,"1,700,000원
VAT 포함"
https://www.yeoshin.co.kr/event/mobile/24010,"턱밑삭제, 이중턱 전체 지방흡입","990,000원
VAT 포함"
https://www.yeoshin.co.kr/event/mobile/21285,[스카이라인의원] 이중턱 지방흡입,"605,000원
VAT 포함"
https://www.yeoshin.co.kr/event/mobile/27107,이중턱 제로 지방흡입,"319,000원
VAT 포함"
https://www.yeoshin.co.kr/event/mobile/26532,YES 이중턱지방흡입근육묶기 lifting,"1,500,000원
VAT 포함"
https://www.yeoshin.co.kr/event/mobile/23442,턱 밑 지방제거 이중턱 지방흡입+근육묶기,"1,100,000원
VAT 포함"
https://www.yeoshin.co.kr/event/mobile/21428,대용량 얼굴지방흡입,"330,000원
VAT 포함"
https://www.yeoshin.co.kr/event/mobile/21134,후기가 증명하는 얼굴지방흡입,"319,000원
VAT 포함"
https://www.yeoshin.co.kr/event/mobile/21337,v여우라인 대용량 얼굴지방흡입/옆볼+심부볼,"660,000원
VAT 포함"
https://www.yeoshin.co.kr/event/mobile/22252,지세븐 얼굴 지방흡입,"2,310,000원
VAT 포함"
https://www.yeoshin.co.kr/event/mobile/23424,숨은 라인 르로제 얼굴 지방 흡입,"1,090,000원
VAT 포함"
https://www.yeoshin.co.kr/event/mobile/26164,V라인 얼굴지방흡입_대표원장,"330,000원
VAT 포함"
https://www.yeoshin.co.kr/event/mobile/25101,맥스V얼굴지방흡입,"770,000원
VAT 포함"
https://www.yeoshin.co.kr/event/mobile/26534,일공공 얼굴지방흡입,"250,000원
VAT 포함"
https://www.yeoshin.co.kr/event/mobile/21264,[스카이라인의원] 옆볼 지방흡입,"363,000원
VAT 포함"
https://www.yeoshin.co.kr/event/mobile/21265,[스카이라인의원] 심부볼 지방흡입,"363,000원
VAT 포함"
https://www.yeoshin.co.kr/event/mobile/21263,[스카이라인의원] 앞광대 지방흡입,"363,000원
VAT 포함"
https://www.yeoshin.co.kr/event/mobile/27466,리얼리 지방이식,"990,000원
VAT 포함"
https://www.yeoshin.co.kr/event/mobile/21395,PRP 얼굴지방이식,"330,000원
VAT 포함"
https://www.yeoshin.co.kr/event/mobile/24015,"반짝동글 이마, 미나 이마지방이식","1,320,000원
VAT 포함"
https://www.yeoshin.co.kr/event/mobile/24929,시그니처지방이식,"1,210,000원
VAT 포함"
https://www.yeoshin.co.kr/event/mobile/25000,지방이식,"1,100,000원
VAT 포함"
https://www.yeoshin.co.kr/event/mobile/21605,르로제 한부위 지방이식,"2,190,000원
VAT 포함"
https://www.yeoshin.co.kr/event/mobile/21431,PRP 엉덩이지방이식,"220,000원
VAT 포함"
https://www.yeoshin.co.kr/event/mobile/21445,줄기세포 엉덩이지방이식,"660,000원
VAT 포함"
https://www.yeoshin.co.kr/event/mobile/21430,PRP 가슴지방이식,"220,000원
VAT 포함"
https://www.yeoshin.co.kr/event/mobile/21438,줄기세포가슴지방이식,"660,000원
VAT 포함"
https://www.yeoshin.co.kr/event/mobile/23678,아쥬르 시그니처 지방이식,"990,000원
VAT 포함"
https://www.yeoshin.co.kr/event/mobile/24638,스킨 보톡스 대표원장 상담 시술,"79,900원
VAT 포함"
https://www.yeoshin.co.kr/event/mobile/25839,대표원장1:1시술 스킨보톡스_국산/제오민,"92,000원
VAT 포함"
https://www.yeoshin.co.kr/event/mobile/25904,목주름 지우개 (벨로테로+스킨보톡스),"433,000원
VAT 포함"
https://www.yeoshin.co.kr/event/mobile/25841,대표원장 직접 주사 보톡스 국산/수입 선택,"22,000원
VAT 포함"
https://www.yeoshin.co.kr/event/mobile/27121,근육 해부학 디자인 보톡스(코어톡스),"23,000원
VAT 포함"
https://www.yeoshin.co.kr/event/mobile/24629,더이뻐 제오민 주름보톡스,"90,900원
VAT 포함"
https://www.yeoshin.co.kr/event/mobile/25804,유노 커스텀 톡_보톡스,"92,000원
VAT 포함"
https://www.yeoshin.co.kr/event/mobile/26021,내성이 적은 코어톡스 주름 보톡스 2부위,"46,900원
VAT 포함"
https://www.yeoshin.co.kr/event/mobile/25852,입술필러 + 입꼬리보톡스,"92,000원
VAT 포함"
https://www.yeoshin.co.kr/event/mobile/19271,유노 입술필러+입꼬리보톡스,"123,000원
VAT 포함"
https://www.yeoshin.co.kr/event/mobile/24635,더이뻐 국산 사각턱/측두근/침샘 보톡스,"35,900원
VAT 포함"
https://www.yeoshin.co.kr/event/mobile/24630,더이뻐 제오민 사각턱/측두근/침샘 보톡스,"125,000원
VAT 포함"
https://www.yeoshin.co.kr/event/mobile/27675,대표원장 직접시술 / 다한증 보톡스,"62,000원
VAT 포함"
https://www.yeoshin.co.kr/event/mobile/24636,더이뻐 국산 다한증보톡스,"101,900원
VAT 포함"
https://www.yeoshin.co.kr/event/mobile/21891,강남역 자려한 쌍수라인 차이 텐픽스 자연유착,"649,000원
VAT 포함"
https://www.yeoshin.co.kr/event/mobile/21433,자연유착쌍수,"490,000원
VAT 포함"
https://www.yeoshin.co.kr/event/mobile/21043,자연유착쌍꺼풀/성형외과전문의진료,"605,000원
VAT 포함"
https://www.yeoshin.co.kr/event/mobile/25296,반니_반했다 자연유착,"429,000원
VAT 포함"
https://www.yeoshin.co.kr/event/mobile/26193,리드 쌍꺼풀 자연유착 눈성형,"1,800,000원
VAT 포함"
https://www.yeoshin.co.kr/event/mobile/26192,리드 남자 쌍꺼풀 자연유착 눈성형&눈매교정,"1,800,000원
VAT 포함"
https://www.yeoshin.co.kr/event/mobile/21114,쌍수라인 자부심 자연유착_쌍꺼풀눈성형,"530,000원
VAT 포함"
https://www.yeoshin.co.kr/event/mobile/21056,더비비 자연유착 매몰 절개 쌍수 눈성형,"440,000원
VAT 포함"
https://www.yeoshin.co.kr/event/mobile/27796,삼성동 쌍커풀 매몰/ 눈성형,"649,000원
VAT 포함"
https://www.yeoshin.co.kr/event/mobile/21397,매몰재수술,"990,000원
VAT 포함"
https://www.yeoshin.co.kr/event/mobile/24996,회복 빠르고 자연스러운 매몰법 쌍꺼풀 성형,"770,000원
VAT 포함"
https://www.yeoshin.co.kr/event/mobile/22953,매몰법 인아웃라인 쌍꺼풀 눈 재수술,"980,000원
VAT 포함"
https://www.yeoshin.co.kr/event/mobile/21434,절개눈재수술,"1,490,000원
VAT 포함"
https://www.yeoshin.co.kr/event/mobile/25279,쌍커풀 부분/완전 절개 수술,"660,000원
VAT 포함"
https://www.yeoshin.co.kr/event/mobile/21132,교정의 달인! 비절개 쌍커풀 눈매교정,"530,000원
VAT 포함"
https://www.yeoshin.co.kr/event/mobile/21468,DM 쓰리케어눈성형(쌍꺼풀+눈매교정+트임),"1,320,000원
VAT 포함"
https://www.yeoshin.co.kr/event/mobile/21479,[대표원장 직접 수술] DM 눈매교정,"990,000원
VAT 포함"
https://www.yeoshin.co.kr/event/mobile/25485,유이 눈성형 쌍꺼풀 눈매교정 트임 눈밑지방,"880,000원
VAT 포함"
https://www.yeoshin.co.kr/event/mobile/23345,하안검성형,"1,188,000원
VAT 포함"
https://www.yeoshin.co.kr/event/mobile/24164,"돌출눈, 부리부리한눈 교정 돌출눈수술","6,500,000원
VAT 포함"
https://www.yeoshin.co.kr/event/mobile/25529,눈동자 확대 시술 아이링,"4,000,000원
VAT 포함"
https://www.yeoshin.co.kr/event/mobile/21419,DM 빵트임 앞트임 뒤트임 윗트임 밑트임,"550,000원
VAT 포함"
https://www.yeoshin.co.kr/event/mobile/23298,대구트임성형 앞트임 윗트임 뒤트임 밑트임,"440,000원
VAT 포함"
https://www.yeoshin.co.kr/event/mobile/21053,"꾸안꾸 앞트임, 윗트임, 뒤트임, 밑트임","390,000원
VAT 포함"
https://www.yeoshin.co.kr/event/mobile/21894,"뒤트임, 밑트임, 듀얼트임 차이 물결트임","880,000원
VAT 포함"
https://www.yeoshin.co.kr/event/mobile/21399,나노트임,"350,000원
VAT 포함"
https://www.yeoshin.co.kr/event/mobile/22052,듀얼트임,"690,000원
VAT 포함"
https://www.yeoshin.co.kr/event/mobile/26454,유니_자연유착 절개 상안검 하안검 트임,"499,000원
VAT 포함"
https://www.yeoshin.co.kr/event/mobile/24330,"예쁨을 팔로우 해, 인스타 감쪽트임","770,000원
VAT 포함"
https://www.yeoshin.co.kr/event/mobile/24447,트임,"600,000원
VAT 포함"
https://www.yeoshin.co.kr/event/mobile/27077,유노 듀얼트임,"737,000원
VAT 포함"
https://www.yeoshin.co.kr/event/mobile/25282,반니_반했다 반짝트임,"550,000원
VAT 포함"
https://www.yeoshin.co.kr/event/mobile/21424,[대표원장 직접 수술] DM 눈재수술,"715,000원
VAT 포함"
https://www.yeoshin.co.kr/event/mobile/24862,마지막 눈재수술_대표원장,"979,000원
VAT 포함"
https://www.yeoshin.co.kr/event/mobile/23857,눈 재수술,"3,300,000원
VAT 포함"
https://www.yeoshin.co.kr/event/mobile/23387,쌍꺼풀 재수술,"2,200,000원
VAT 포함"
https://www.yeoshin.co.kr/event/mobile/27074,유노 블링눈재수술,"715,000원
VAT 포함"
https://www.yeoshin.co.kr/event/mobile/22952,절개법 인아웃라인 쌍꺼풀 눈 재수술,"1,430,000원
VAT 포함"
https://www.yeoshin.co.kr/event/mobile/25298,반니_반했다 눈 재수술,"550,000원
VAT 포함"
https://www.yeoshin.co.kr/event/mobile/22060,개인 각막 맞춤 컨투라비전 라식/라섹,"1,900,000원
VAT 포함"
https://www.yeoshin.co.kr/event/mobile/23067,라식 / 라섹 / 클리어스마일라식,"1,590,000원
VAT 포함"
https://www.yeoshin.co.kr/event/mobile/21788,EVO+ ICL 정품 첫눈애안과 렌즈삽입술,"4,800,000원
VAT 포함"
https://www.yeoshin.co.kr/event/mobile/25379,회복빠른 ICL렌즈삽입술,"3,990,000원
VAT 포함"
https://www.yeoshin.co.kr/event/mobile/23463,ICL 렌즈삽입술 빠른 회복을 원하신다면,"4,900,000원
VAT 포함"
https://www.yeoshin.co.kr/event/mobile/25386,"안구건조증 치료,3대 실명질환 검사 패키지","33,000원
VAT 포함"
https://www.yeoshin.co.kr/event/mobile/25604,안구건조증치료 이벤트,"100,000원
VAT 포함"
https://www.yeoshin.co.kr/event/mobile/24559,조은눈안과 아큐타겟 스마일라식,"2,600,000원
VAT 포함"
https://www.yeoshin.co.kr/event/mobile/22062,클리어뷰 스마일 라식,"2,500,000원
VAT 포함"
https://www.yeoshin.co.kr/event/mobile/24854,ZEISS 스마일라식 공식 인증 안과,"2,250,000원
VAT 포함"
https://www.yeoshin.co.kr/event/mobile/21088,개인 맞춤형 5세대 스마일라식,"2,090,000원
VAT 포함"
https://www.yeoshin.co.kr/event/mobile/23797,압구정S&B안과 정품 자이스 스마일라식,"2,200,000원
VAT 포함"
https://www.yeoshin.co.kr/event/mobile/24840,스마일 라식,"2,200,000원
VAT 포함"
https://www.yeoshin.co.kr/event/mobile/22107,GS안과 스마일라식 이벤트,"2,300,000원
VAT 포함"
https://www.yeoshin.co.kr/event/mobile/21764,로우에너지 스마트 스마일 라식,"2,310,000원
VAT 포함"
https://www.yeoshin.co.kr/event/mobile/27228,실크스마일 이벤트,"3,500,100원
VAT 포함"
https://www.yeoshin.co.kr/event/mobile/25567,정품 스마일라식 이벤트,"2,300,000원
VAT 포함"
https://www.yeoshin.co.kr/event/mobile/26864,슈빈츠 공식인증안과 스마일라식,"2,300,000원
VAT 포함"
https://www.yeoshin.co.kr/event/mobile/25537,목표시력 99% 뉴스마일라식,"2,400,000원
VAT 포함"
https://www.yeoshin.co.kr/event/mobile/25568,스마일프로 이벤트,"4,000,000원
VAT 포함"
https://www.yeoshin.co.kr/event/mobile/24853,"더 부드러운 회복, 실크스마일라식","3,600,000원
VAT 포함"
https://www.yeoshin.co.kr/event/mobile/23462,1:1맞춤 설계 BGN스마일라식 이벤트,"2,190,000원
VAT 포함"
https://www.yeoshin.co.kr/event/mobile/25540,개인 맞춤형 라식,"1,390,000원
VAT 포함"
https://www.yeoshin.co.kr/event/mobile/26127,5세대 스마일라식 특별 이벤트,"2,100,000원
VAT 포함"
https://www.yeoshin.co.kr/event/mobile/24956,더이뻐 입술필러+입꼬리필러,"235,000원
VAT 포함"
https://www.yeoshin.co.kr/event/mobile/11372,자연스럽고 아름다운 입술 입술필러,"191,000원
VAT 포함"
https://www.yeoshin.co.kr/event/mobile/26034,"입술 필러, 입꼬리 필러","433,000원
VAT 포함"
https://www.yeoshin.co.kr/event/mobile/27669,대표원장 직접시술 (이마/관자 필러),"142,000원
VAT 포함"
https://www.yeoshin.co.kr/event/mobile/26865,대표원장1:1상담 디자인 시술 수입 필러,"253,000원
VAT 포함"
https://www.yeoshin.co.kr/event/mobile/25850,이마필러,"92,000원
VAT 포함"
https://www.yeoshin.co.kr/event/mobile/25854,턱끝필러,"92,000원
VAT 포함"
https://www.yeoshin.co.kr/event/mobile/25853,코필러,"92,000원
VAT 포함"
https://www.yeoshin.co.kr/event/mobile/27672,대표원장 직접시술 / 눈밑 필러,"283,000원
VAT 포함"
https://www.yeoshin.co.kr/event/mobile/27136,유니 콧볼축소,"220,000원
VAT 포함"
https://www.yeoshin.co.kr/event/mobile/25478,유이 코성형 콧대성형 코끝성형 콧볼축소,"1,650,000원
VAT 포함"
https://www.yeoshin.co.kr/event/mobile/25018,마지막 코수술 노엘 코재수술,"2,750,000원
VAT 포함"
https://www.yeoshin.co.kr/event/mobile/21136,진짜 마지막 코재수술은 바나나에서!,"2,950,000원
VAT 포함"
https://www.yeoshin.co.kr/event/mobile/21135,후기가 증명하는 자가늑 코재수술,"4,270,000원
VAT 포함"
https://www.yeoshin.co.kr/event/mobile/26316,"더 신중하게 정확하게, 티아나 코재수술","2,739,000원
VAT 포함"
https://www.yeoshin.co.kr/event/mobile/21481,[대표원장 직접 수술] DM 코재수술,"2,530,000원
VAT 포함"
https://www.yeoshin.co.kr/event/mobile/23578,청담여신 3D핏미 코재수술,"2,990,000원
VAT 포함"
https://www.yeoshin.co.kr/event/mobile/26010,마지막 코재수술_더프라이드 대표원장,"2,750,000원
VAT 포함"
https://www.yeoshin.co.kr/event/mobile/23858,코 재수술,"4,000,000원
VAT 포함"
https://www.yeoshin.co.kr/event/mobile/22172,휴먼성형외과_코 재수술,"3,500,000원
VAT 포함"
https://www.yeoshin.co.kr/event/mobile/25790,N번째여도 자가늑 코재수술,"4,235,000원
VAT 포함"
https://www.yeoshin.co.kr/event/mobile/27076,유노 리버스 코재수술,"2,739,000원
VAT 포함"
https://www.yeoshin.co.kr/event/mobile/23531,두 번의 실패 없이 삼뉴 가슴재수술,"6,500,000원
VAT 포함"
https://www.yeoshin.co.kr/event/mobile/24671,28년 이상 경력 김명철원장 가슴 재수술,"4,050,000원
VAT 포함"
https://www.yeoshin.co.kr/event/mobile/21936,윤곽 후 턱끝처짐 거상 리터닝 마녀턱수술,"2,490,000원
VAT 포함"
https://www.yeoshin.co.kr/event/mobile/27085,윤곽아빠 턱끝축소,"1,639,000원
VAT 포함"
https://www.yeoshin.co.kr/event/mobile/26103,더프라이드 이중턱근육묶기_대표원장,"979,000원
VAT 포함"
https://www.yeoshin.co.kr/event/mobile/26182,리프성형외과 이마축소거상,"2,079,000원
VAT 포함"
https://www.yeoshin.co.kr/event/mobile/25983,브라질리언 제모/1인실/여의사(마취포함),"59,000원
VAT 포함"
https://www.yeoshin.co.kr/event/mobile/27750,남성제모/여성제모,"3,100원
VAT 포함"
https://www.yeoshin.co.kr/event/mobile/25984,남자 수염 제모 (마취포함/모낭염예방),"13,000원
VAT 포함"
