hospital_name,hospital_url
동안중심의원,https://www.yeoshin.co.kr/hospitals/4986?from=events&tabmenu=EVENTS
새라한의원,https://www.yeoshin.co.kr/hospitals/86281?from=events&tabmenu=EVENTS
영드림의원,https://www.yeoshin.co.kr/hospitals/4493?from=events&tabmenu=EVENTS
더이뻐의원,https://www.yeoshin.co.kr/hospitals/103832?from=events&tabmenu=EVENTS
제너리스의원(연신내점),https://www.yeoshin.co.kr/hospitals/5011?from=events&tabmenu=EVENTS
뷰티블라썸의원,https://www.yeoshin.co.kr/hospitals/5408?from=events&tabmenu=EVENTS
롤리팝성형외과의원,https://www.yeoshin.co.kr/hospitals/5056?from=events&tabmenu=EVENTS
비욘드의원,https://www.yeoshin.co.kr/hospitals/104104?from=events&tabmenu=EVENTS
휴먼피부과의원(평택점),https://www.yeoshin.co.kr/hospitals/2591?from=events&tabmenu=EVENTS
청담엔샤인의원,https://www.yeoshin.co.kr/hospitals/5280?from=events&tabmenu=EVENTS
뷰티앤디지털치과병원,https://www.yeoshin.co.kr/hospitals/5125?from=events&tabmenu=EVENTS
신사에그의원,https://www.yeoshin.co.kr/hospitals/4154?from=events&tabmenu=EVENTS
닥터뉴셀의원,https://www.yeoshin.co.kr/hospitals/5148?from=events&tabmenu=EVENTS
에디션성형외과,https://www.yeoshin.co.kr/hospitals/5002?from=events&tabmenu=EVENTS
제이필의원(홍대점),https://www.yeoshin.co.kr/hospitals/104043?from=events&tabmenu=EVENTS
루셀의원,https://www.yeoshin.co.kr/hospitals/5421?from=events&tabmenu=EVENTS
제이필의원(강남점),https://www.yeoshin.co.kr/hospitals/356?from=events&tabmenu=EVENTS
로렐의원,https://www.yeoshin.co.kr/hospitals/4517?from=events&tabmenu=EVENTS
리엔장성형외과의원(본점),https://www.yeoshin.co.kr/hospitals/227?from=events&tabmenu=EVENTS
포레웰의원,https://www.yeoshin.co.kr/hospitals/103791?from=events&tabmenu=EVENTS
다이아의원,https://www.yeoshin.co.kr/hospitals/4892?from=events&tabmenu=EVENTS
지우의원,https://www.yeoshin.co.kr/hospitals/3766?from=events&tabmenu=EVENTS
에르네의원,https://www.yeoshin.co.kr/hospitals/171?from=events&tabmenu=EVENTS
리베리의원(마포점),https://www.yeoshin.co.kr/hospitals/104102?from=events&tabmenu=EVENTS
루비의원(명동점),https://www.yeoshin.co.kr/hospitals/4439?from=events&tabmenu=EVENTS
수지의원,https://www.yeoshin.co.kr/hospitals/4495?from=events&tabmenu=EVENTS
웰니스365의원(강서),https://www.yeoshin.co.kr/hospitals/103936?from=events&tabmenu=EVENTS
온리프성형외과,https://www.yeoshin.co.kr/hospitals/4157?from=events&tabmenu=EVENTS
라르떼의원(선릉점),https://www.yeoshin.co.kr/hospitals/362?from=events&tabmenu=EVENTS
포레나의원,https://www.yeoshin.co.kr/hospitals/5081?from=events&tabmenu=EVENTS
메이필클리닉,https://www.yeoshin.co.kr/hospitals/2075?from=events&tabmenu=EVENTS
프레쉬테마의원,https://www.yeoshin.co.kr/hospitals/104096?from=events&tabmenu=EVENTS
미케이의원,https://www.yeoshin.co.kr/hospitals/278?from=events&tabmenu=EVENTS
니와미즈의원(울산),https://www.yeoshin.co.kr/hospitals/4989?from=events&tabmenu=EVENTS
강남초이스병원,https://www.yeoshin.co.kr/hospitals/103986?from=events&tabmenu=EVENTS
셀린의원(삼성점),https://www.yeoshin.co.kr/hospitals/5258?from=events&tabmenu=EVENTS
끗한의원(수원),https://www.yeoshin.co.kr/hospitals/103930?from=events&tabmenu=EVENTS
베이드의원,https://www.yeoshin.co.kr/hospitals/4738?from=events&tabmenu=EVENTS
브라운성형외과의원,https://www.yeoshin.co.kr/hospitals/4231?from=events&tabmenu=EVENTS
CNP차앤박피부과(명동점),https://www.yeoshin.co.kr/hospitals/103839?from=events&tabmenu=EVENTS
뷰티제이의원,https://www.yeoshin.co.kr/hospitals/4715?from=events&tabmenu=EVENTS
베네핏의원,https://www.yeoshin.co.kr/hospitals/4653?from=events&tabmenu=EVENTS
케이톡스의원(인천구월점),https://www.yeoshin.co.kr/hospitals/4594?from=events&tabmenu=EVENTS
모리프한의원,https://www.yeoshin.co.kr/hospitals/104099?from=events&tabmenu=EVENTS
파크뷰의원(운정점),https://www.yeoshin.co.kr/hospitals/3112?from=events&tabmenu=EVENTS
휴먼피부과의원(청라점),https://www.yeoshin.co.kr/hospitals/2836?from=events&tabmenu=EVENTS
땡큐성형외과의원,https://www.yeoshin.co.kr/hospitals/4755?from=events&tabmenu=EVENTS
메이드유의원(대전점),https://www.yeoshin.co.kr/hospitals/4625?from=events&tabmenu=EVENTS
디온의원(홍대점),https://www.yeoshin.co.kr/hospitals/5087?from=events&tabmenu=EVENTS
유앤아이의원(영등포점),https://www.yeoshin.co.kr/hospitals/4599?from=events&tabmenu=EVENTS
반니성형외과의원,https://www.yeoshin.co.kr/hospitals/4626?from=events&tabmenu=EVENTS
어뉴의원,https://www.yeoshin.co.kr/hospitals/205?from=events&tabmenu=EVENTS
연의원 범계(안양),https://www.yeoshin.co.kr/hospitals/4974?from=events&tabmenu=EVENTS
일공공성형외과의원,https://www.yeoshin.co.kr/hospitals/104033?from=events&tabmenu=EVENTS
유넬의원,https://www.yeoshin.co.kr/hospitals/103960?from=events&tabmenu=EVENTS
더비비성형외과의원,https://www.yeoshin.co.kr/hospitals/4655?from=events&tabmenu=EVENTS
닥터쁘띠의원(인천구월점),https://www.yeoshin.co.kr/hospitals/5346?from=events&tabmenu=EVENTS
VS라인의원(인천구월점),https://www.yeoshin.co.kr/hospitals/4862?from=events&tabmenu=EVENTS
세라성형외과의원,https://www.yeoshin.co.kr/hospitals/103829?from=events&tabmenu=EVENTS
비올라셀성형외과,https://www.yeoshin.co.kr/hospitals/5366?from=events&tabmenu=EVENTS
닥터쁘띠의원(대전점),https://www.yeoshin.co.kr/hospitals/5241?from=events&tabmenu=EVENTS
서울탑초이스의원,https://www.yeoshin.co.kr/hospitals/104062?from=events&tabmenu=EVENTS
유앤아이의원(일산점),https://www.yeoshin.co.kr/hospitals/4767?from=events&tabmenu=EVENTS
잠실온피부과의원,https://www.yeoshin.co.kr/hospitals/104046?from=events&tabmenu=EVENTS
유앤아이의원(대전점),https://www.yeoshin.co.kr/hospitals/5048?from=events&tabmenu=EVENTS
리엔장의원(목동점),https://www.yeoshin.co.kr/hospitals/228?from=events&tabmenu=EVENTS
나은내일한의원,https://www.yeoshin.co.kr/hospitals/5256?from=events&tabmenu=EVENTS
경희다나은한의원,https://www.yeoshin.co.kr/hospitals/104009?from=events&tabmenu=EVENTS
글래시피부과의원,https://www.yeoshin.co.kr/hospitals/4701?from=events&tabmenu=EVENTS
연세더나은의원,https://www.yeoshin.co.kr/hospitals/5063?from=events&tabmenu=EVENTS
유올림의원,https://www.yeoshin.co.kr/hospitals/4815?from=events&tabmenu=EVENTS
원더의원,https://www.yeoshin.co.kr/hospitals/4477?from=events&tabmenu=EVENTS
톡스앤필(제주점),https://www.yeoshin.co.kr/hospitals/5060?from=events&tabmenu=EVENTS
스무살의원,https://www.yeoshin.co.kr/hospitals/4931?from=events&tabmenu=EVENTS
워너비의원,https://www.yeoshin.co.kr/hospitals/5414?from=events&tabmenu=EVENTS
더청담의원,https://www.yeoshin.co.kr/hospitals/4906?from=events&tabmenu=EVENTS
유앤아이피부과의원(판교점),https://www.yeoshin.co.kr/hospitals/4802?from=events&tabmenu=EVENTS
비티에프의원,https://www.yeoshin.co.kr/hospitals/4583?from=events&tabmenu=EVENTS
블리비의원(발산점),https://www.yeoshin.co.kr/hospitals/5072?from=events&tabmenu=EVENTS
아이맘한의원,https://www.yeoshin.co.kr/hospitals/421?from=events&tabmenu=EVENTS
블리비의원(명동점),https://www.yeoshin.co.kr/hospitals/5076?from=events&tabmenu=EVENTS
유앤아이의원(수원점),https://www.yeoshin.co.kr/hospitals/4717?from=events&tabmenu=EVENTS
가산시그니처정형외과의원,https://www.yeoshin.co.kr/hospitals/5291?from=events&tabmenu=EVENTS
위례우주한의원,https://www.yeoshin.co.kr/hospitals/104074?from=events&tabmenu=EVENTS
이대역경희한의원,https://www.yeoshin.co.kr/hospitals/103845?from=events&tabmenu=EVENTS
바라온한의원,https://www.yeoshin.co.kr/hospitals/87418?from=events&tabmenu=EVENTS
제니바클리닉,https://www.yeoshin.co.kr/hospitals/131?from=events&tabmenu=EVENTS
더힘찬한의원(해운대본점),https://www.yeoshin.co.kr/hospitals/103981?from=events&tabmenu=EVENTS
강녕한의원,https://www.yeoshin.co.kr/hospitals/103956?from=events&tabmenu=EVENTS
블리비의원(영등포점),https://www.yeoshin.co.kr/hospitals/5071?from=events&tabmenu=EVENTS
아이콘성형외과,https://www.yeoshin.co.kr/hospitals/30?from=events&tabmenu=EVENTS
베스트웰피부과의원,https://www.yeoshin.co.kr/hospitals/103994?from=events&tabmenu=EVENTS
엄마손한의원,https://www.yeoshin.co.kr/hospitals/103962?from=events&tabmenu=EVENTS
하늘마음한의원(창원점),https://www.yeoshin.co.kr/hospitals/103968?from=events&tabmenu=EVENTS
연세제이의원,https://www.yeoshin.co.kr/hospitals/2425?from=events&tabmenu=EVENTS
은하여성의원,https://www.yeoshin.co.kr/hospitals/5074?from=events&tabmenu=EVENTS
조은날의원,https://www.yeoshin.co.kr/hospitals/200?from=events&tabmenu=EVENTS
365SY연세의원,https://www.yeoshin.co.kr/hospitals/4603?from=events&tabmenu=EVENTS
세연한의원,https://www.yeoshin.co.kr/hospitals/103824?from=events&tabmenu=EVENTS
페이브피부과의원(용산),https://www.yeoshin.co.kr/hospitals/4826?from=events&tabmenu=EVENTS
용인미하나의원,https://www.yeoshin.co.kr/hospitals/4848?from=events&tabmenu=EVENTS
빛담은한의원,https://www.yeoshin.co.kr/hospitals/5457?from=events&tabmenu=EVENTS
마이셀의원,https://www.yeoshin.co.kr/hospitals/103820?from=events&tabmenu=EVENTS
반하다의원,https://www.yeoshin.co.kr/hospitals/267?from=events&tabmenu=EVENTS
유온느의원,https://www.yeoshin.co.kr/hospitals/103855?from=events&tabmenu=EVENTS
네스트의원(강남),https://www.yeoshin.co.kr/hospitals/5226?from=events&tabmenu=EVENTS
메이린의원(대구점),https://www.yeoshin.co.kr/hospitals/5429?from=events&tabmenu=EVENTS
가로세로한의원(안양평촌점),https://www.yeoshin.co.kr/hospitals/5220?from=events&tabmenu=EVENTS
미본한의원,https://www.yeoshin.co.kr/hospitals/104007?from=events&tabmenu=EVENTS
벨로아의원,https://www.yeoshin.co.kr/hospitals/104052?from=events&tabmenu=EVENTS
더나은가정의학과의원,https://www.yeoshin.co.kr/hospitals/4997?from=events&tabmenu=EVENTS
오크우드봄의원,https://www.yeoshin.co.kr/hospitals/481?from=events&tabmenu=EVENTS
동편부부한의원,https://www.yeoshin.co.kr/hospitals/5282?from=events&tabmenu=EVENTS
자연재생한의원,https://www.yeoshin.co.kr/hospitals/104044?from=events&tabmenu=EVENTS
올리브한의원(김포점),https://www.yeoshin.co.kr/hospitals/72563?from=events&tabmenu=EVENTS
리디아여성의원,https://www.yeoshin.co.kr/hospitals/6?from=events&tabmenu=EVENTS
한가온한방병원(남양주점),https://www.yeoshin.co.kr/hospitals/103808?from=events&tabmenu=EVENTS
유앤아이의원(과천점),https://www.yeoshin.co.kr/hospitals/103997?from=events&tabmenu=EVENTS
잇츠미성형외과의원,https://www.yeoshin.co.kr/hospitals/4657?from=events&tabmenu=EVENTS
리체안한의원(분당),https://www.yeoshin.co.kr/hospitals/103954?from=events&tabmenu=EVENTS
리샘한의원(안양범계점),https://www.yeoshin.co.kr/hospitals/104006?from=events&tabmenu=EVENTS
더올린의원(수원점),https://www.yeoshin.co.kr/hospitals/4992?from=events&tabmenu=EVENTS
미소담한의원(수영점),https://www.yeoshin.co.kr/hospitals/103951?from=events&tabmenu=EVENTS
오운의원(구리점),https://www.yeoshin.co.kr/hospitals/4909?from=events&tabmenu=EVENTS
성훈한의원,https://www.yeoshin.co.kr/hospitals/5054?from=events&tabmenu=EVENTS
뷰티오션의원(하남감일점),https://www.yeoshin.co.kr/hospitals/5016?from=events&tabmenu=EVENTS
청담란셀의원,https://www.yeoshin.co.kr/hospitals/5310?from=events&tabmenu=EVENTS
더올림성형외과의원,https://www.yeoshin.co.kr/hospitals/103860?from=events&tabmenu=EVENTS
더프라이드성형외과의원,https://www.yeoshin.co.kr/hospitals/103843?from=events&tabmenu=EVENTS
신상성형외과의원,https://www.yeoshin.co.kr/hospitals/4696?from=events&tabmenu=EVENTS
유니풀의원,https://www.yeoshin.co.kr/hospitals/5055?from=events&tabmenu=EVENTS
리블룸의원(원주),https://www.yeoshin.co.kr/hospitals/5218?from=events&tabmenu=EVENTS
삼성노블의원(고양점),https://www.yeoshin.co.kr/hospitals/5095?from=events&tabmenu=EVENTS
송도비앤미의원,https://www.yeoshin.co.kr/hospitals/4668?from=events&tabmenu=EVENTS
한가온한방병원(용인점),https://www.yeoshin.co.kr/hospitals/103807?from=events&tabmenu=EVENTS
한가온한방병원(강릉점),https://www.yeoshin.co.kr/hospitals/103809?from=events&tabmenu=EVENTS
샤인유의원(수원점),https://www.yeoshin.co.kr/hospitals/271?from=events&tabmenu=EVENTS
CnB맑고고운본점피부과(주안),https://www.yeoshin.co.kr/hospitals/4962?from=events&tabmenu=EVENTS
신아웰니스의원,https://www.yeoshin.co.kr/hospitals/5272?from=events&tabmenu=EVENTS
딜라이트피부과의원,https://www.yeoshin.co.kr/hospitals/5296?from=events&tabmenu=EVENTS
디에스타의원,https://www.yeoshin.co.kr/hospitals/3707?from=events&tabmenu=EVENTS
수앤모성형외과의원,https://www.yeoshin.co.kr/hospitals/4712?from=events&tabmenu=EVENTS
하이엔드피부과,https://www.yeoshin.co.kr/hospitals/5389?from=events&tabmenu=EVENTS
크크서울의원,https://www.yeoshin.co.kr/hospitals/66?from=events&tabmenu=EVENTS
검단예쁨의원,https://www.yeoshin.co.kr/hospitals/4788?from=events&tabmenu=EVENTS
금정라인한의원,https://www.yeoshin.co.kr/hospitals/103950?from=events&tabmenu=EVENTS
뉴엘라인의원,https://www.yeoshin.co.kr/hospitals/4917?from=events&tabmenu=EVENTS
미미한의원,https://www.yeoshin.co.kr/hospitals/4652?from=events&tabmenu=EVENTS
오엘의원,https://www.yeoshin.co.kr/hospitals/103797?from=events&tabmenu=EVENTS
종로청담한의원,https://www.yeoshin.co.kr/hospitals/5378?from=events&tabmenu=EVENTS
루미의원,https://www.yeoshin.co.kr/hospitals/3360?from=events&tabmenu=EVENTS
장덕한방병원(서초),https://www.yeoshin.co.kr/hospitals/103853?from=events&tabmenu=EVENTS
연세팜스의원(은평),https://www.yeoshin.co.kr/hospitals/104069?from=events&tabmenu=EVENTS
루미에버의원,https://www.yeoshin.co.kr/hospitals/5463?from=events&tabmenu=EVENTS
비오페이스의원,https://www.yeoshin.co.kr/hospitals/41?from=events&tabmenu=EVENTS
삼성필의원(시흥),https://www.yeoshin.co.kr/hospitals/2180?from=events&tabmenu=EVENTS
차앤박피부과의원(신촌점),https://www.yeoshin.co.kr/hospitals/4910?from=events&tabmenu=EVENTS
VS라인의원(압구정점),https://www.yeoshin.co.kr/hospitals/4497?from=events&tabmenu=EVENTS
메이드림의원(의정부점),https://www.yeoshin.co.kr/hospitals/2058?from=events&tabmenu=EVENTS
뷰티젠의원(하남),https://www.yeoshin.co.kr/hospitals/5250?from=events&tabmenu=EVENTS
나인원의원,https://www.yeoshin.co.kr/hospitals/4807?from=events&tabmenu=EVENTS
골드제이의원,https://www.yeoshin.co.kr/hospitals/103817?from=events&tabmenu=EVENTS
닥터쁘띠의원(왕십리점),https://www.yeoshin.co.kr/hospitals/5180?from=events&tabmenu=EVENTS
연세라인의원(강남점),https://www.yeoshin.co.kr/hospitals/821?from=events&tabmenu=EVENTS
성모진안과의원,https://www.yeoshin.co.kr/hospitals/5255?from=events&tabmenu=EVENTS
강남센트럴안과의원,https://www.yeoshin.co.kr/hospitals/5259?from=events&tabmenu=EVENTS
오두종성형외과의원,https://www.yeoshin.co.kr/hospitals/5051?from=events&tabmenu=EVENTS
시온뷰티의원,https://www.yeoshin.co.kr/hospitals/4784?from=events&tabmenu=EVENTS
골든발란스여성의원,https://www.yeoshin.co.kr/hospitals/2633?from=events&tabmenu=EVENTS
닥터디자이너의원(영등포점),https://www.yeoshin.co.kr/hospitals/4277?from=events&tabmenu=EVENTS
예쁨주의쁨의원(천안점),https://www.yeoshin.co.kr/hospitals/103933?from=events&tabmenu=EVENTS
에이스타의원,https://www.yeoshin.co.kr/hospitals/4026?from=events&tabmenu=EVENTS
고든몸한의원(하단점),https://www.yeoshin.co.kr/hospitals/5306?from=events&tabmenu=EVENTS
청담더오피부과의원,https://www.yeoshin.co.kr/hospitals/103983?from=events&tabmenu=EVENTS
데이원의원(강남역점),https://www.yeoshin.co.kr/hospitals/484?from=events&tabmenu=EVENTS
푸른의원,https://www.yeoshin.co.kr/hospitals/4747?from=events&tabmenu=EVENTS
애플산부인과의원(명동점),https://www.yeoshin.co.kr/hospitals/5400?from=events&tabmenu=EVENTS
유니성형외과의원,https://www.yeoshin.co.kr/hospitals/104005?from=events&tabmenu=EVENTS
애플산부인과의원(대구점),https://www.yeoshin.co.kr/hospitals/5155?from=events&tabmenu=EVENTS
강남브랜드안과의원,https://www.yeoshin.co.kr/hospitals/104049?from=events&tabmenu=EVENTS
에스여성의원,https://www.yeoshin.co.kr/hospitals/4518?from=events&tabmenu=EVENTS
삼성리한여성의원,https://www.yeoshin.co.kr/hospitals/4898?from=events&tabmenu=EVENTS
연세이롬산부인과의원,https://www.yeoshin.co.kr/hospitals/5410?from=events&tabmenu=EVENTS
당산센트럴내과의원,https://www.yeoshin.co.kr/hospitals/104010?from=events&tabmenu=EVENTS
라피스여성의원,https://www.yeoshin.co.kr/hospitals/104093?from=events&tabmenu=EVENTS
리참성형외과의원,https://www.yeoshin.co.kr/hospitals/5129?from=events&tabmenu=EVENTS
와우성형외과의원,https://www.yeoshin.co.kr/hospitals/3357?from=events&tabmenu=EVENTS
넬의원,https://www.yeoshin.co.kr/hospitals/2776?from=events&tabmenu=EVENTS
허쉬성형외과의원,https://www.yeoshin.co.kr/hospitals/4464?from=events&tabmenu=EVENTS
브라운아이의원,https://www.yeoshin.co.kr/hospitals/3212?from=events&tabmenu=EVENTS
파스텔휴먼피부과의원(왕십리),https://www.yeoshin.co.kr/hospitals/88848?from=events&tabmenu=EVENTS
동탄오라클피부과의원,https://www.yeoshin.co.kr/hospitals/4849?from=events&tabmenu=EVENTS
청담엔케이피부과의원,https://www.yeoshin.co.kr/hospitals/103971?from=events&tabmenu=EVENTS
핑슬림의원,https://www.yeoshin.co.kr/hospitals/162?from=events&tabmenu=EVENTS
한나이브성형외과의원,https://www.yeoshin.co.kr/hospitals/34?from=events&tabmenu=EVENTS
르네상스의원(부산),https://www.yeoshin.co.kr/hospitals/4939?from=events&tabmenu=EVENTS
하늘라인의원,https://www.yeoshin.co.kr/hospitals/4709?from=events&tabmenu=EVENTS
하이미의원(신사),https://www.yeoshin.co.kr/hospitals/104105?from=events&tabmenu=EVENTS
JK위드미의원,https://www.yeoshin.co.kr/hospitals/4789?from=events&tabmenu=EVENTS
닉스의원(천안점),https://www.yeoshin.co.kr/hospitals/5244?from=events&tabmenu=EVENTS
닉스의원(수원점),https://www.yeoshin.co.kr/hospitals/5245?from=events&tabmenu=EVENTS
서울스마트본의원,https://www.yeoshin.co.kr/hospitals/104098?from=events&tabmenu=EVENTS
리드림의원(의료법인미래의료재단),https://www.yeoshin.co.kr/hospitals/202?from=events&tabmenu=EVENTS
리메이크강남의원,https://www.yeoshin.co.kr/hospitals/103848?from=events&tabmenu=EVENTS
아너스티성형외과의원,https://www.yeoshin.co.kr/hospitals/4672?from=events&tabmenu=EVENTS
시즈까의원,https://www.yeoshin.co.kr/hospitals/103821?from=events&tabmenu=EVENTS
셀이즈연세메디컬의원,https://www.yeoshin.co.kr/hospitals/103982?from=events&tabmenu=EVENTS
순플러스성형외과의원,https://www.yeoshin.co.kr/hospitals/103847?from=events&tabmenu=EVENTS
더리즈의원(강남),https://www.yeoshin.co.kr/hospitals/103859?from=events&tabmenu=EVENTS
세린의원,https://www.yeoshin.co.kr/hospitals/5224?from=events&tabmenu=EVENTS
청담쥬넥스의원,https://www.yeoshin.co.kr/hospitals/104035?from=events&tabmenu=EVENTS
르웰의원,https://www.yeoshin.co.kr/hospitals/5349?from=events&tabmenu=EVENTS
아산88의원,https://www.yeoshin.co.kr/hospitals/104103?from=events&tabmenu=EVENTS
올리브치과의원,https://www.yeoshin.co.kr/hospitals/104011?from=events&tabmenu=EVENTS
헤라성형외과의원,https://www.yeoshin.co.kr/hospitals/104117?from=events&tabmenu=EVENTS
디온의원(잠실점),https://www.yeoshin.co.kr/hospitals/5145?from=events&tabmenu=EVENTS
비티큐의원,https://www.yeoshin.co.kr/hospitals/103999?from=events&tabmenu=EVENTS
유앤아이의원(창동점),https://www.yeoshin.co.kr/hospitals/104077?from=events&tabmenu=EVENTS
샤인빔의원(송도점),https://www.yeoshin.co.kr/hospitals/104060?from=events&tabmenu=EVENTS
연세라헨느의원,https://www.yeoshin.co.kr/hospitals/285?from=events&tabmenu=EVENTS
닥터고운선의원,https://www.yeoshin.co.kr/hospitals/350?from=events&tabmenu=EVENTS
엘병원,https://www.yeoshin.co.kr/hospitals/4508?from=events&tabmenu=EVENTS
뷰티크의원(방배이수점),https://www.yeoshin.co.kr/hospitals/337?from=events&tabmenu=EVENTS
티아라의원,https://www.yeoshin.co.kr/hospitals/4651?from=events&tabmenu=EVENTS
늘샤인의원,https://www.yeoshin.co.kr/hospitals/5026?from=events&tabmenu=EVENTS
연세미사랑의원,https://www.yeoshin.co.kr/hospitals/4686?from=events&tabmenu=EVENTS
강남제이스타의원,https://www.yeoshin.co.kr/hospitals/103828?from=events&tabmenu=EVENTS
셀린피부과의원,https://www.yeoshin.co.kr/hospitals/1219?from=events&tabmenu=EVENTS
휴먼피부과의원(광명철산점),https://www.yeoshin.co.kr/hospitals/72180?from=events&tabmenu=EVENTS
쉬즈한의원(강남점),https://www.yeoshin.co.kr/hospitals/3594?from=events&tabmenu=EVENTS
서울상아치과의원,https://www.yeoshin.co.kr/hospitals/104084?from=events&tabmenu=EVENTS
참진한의원,https://www.yeoshin.co.kr/hospitals/4940?from=events&tabmenu=EVENTS
하늘안과(부산점),https://www.yeoshin.co.kr/hospitals/103932?from=events&tabmenu=EVENTS
하늘체한의원(분당점),https://www.yeoshin.co.kr/hospitals/5221?from=events&tabmenu=EVENTS
비즈밸리여성의원,https://www.yeoshin.co.kr/hospitals/104047?from=events&tabmenu=EVENTS
다온재한의원,https://www.yeoshin.co.kr/hospitals/5394?from=events&tabmenu=EVENTS
가로세로한의원(강남점),https://www.yeoshin.co.kr/hospitals/5206?from=events&tabmenu=EVENTS
닥터스팟여성의원,https://www.yeoshin.co.kr/hospitals/5461?from=events&tabmenu=EVENTS
이림한의원,https://www.yeoshin.co.kr/hospitals/4994?from=events&tabmenu=EVENTS
참다인한의원,https://www.yeoshin.co.kr/hospitals/5033?from=events&tabmenu=EVENTS
클라스웰의원,https://www.yeoshin.co.kr/hospitals/2773?from=events&tabmenu=EVENTS
마노필의원,https://www.yeoshin.co.kr/hospitals/5227?from=events&tabmenu=EVENTS
뮤즈의원(김해점),https://www.yeoshin.co.kr/hospitals/103975?from=events&tabmenu=EVENTS
블랑여성의원,https://www.yeoshin.co.kr/hospitals/79894?from=events&tabmenu=EVENTS
일라스의원,https://www.yeoshin.co.kr/hospitals/4933?from=events&tabmenu=EVENTS
유리움한의원,https://www.yeoshin.co.kr/hospitals/5118?from=events&tabmenu=EVENTS
유이성형외과의원,https://www.yeoshin.co.kr/hospitals/103940?from=events&tabmenu=EVENTS
애플산부인과의원(천호점),https://www.yeoshin.co.kr/hospitals/5388?from=events&tabmenu=EVENTS
아라의원,https://www.yeoshin.co.kr/hospitals/2767?from=events&tabmenu=EVENTS
나비성형외과의원,https://www.yeoshin.co.kr/hospitals/4868?from=events&tabmenu=EVENTS
쏘울성형외과의원(의정부점),https://www.yeoshin.co.kr/hospitals/4967?from=events&tabmenu=EVENTS
청담르벨의원,https://www.yeoshin.co.kr/hospitals/5009?from=events&tabmenu=EVENTS
