event_url,대분류,중분류,소분류,treatment_name,main_image_url,rating,review_count,original_price,selling_price,hospital_name,hospital_address,treatment_description,option_info,target_group,procedure_info,procedure_qna,downtime_info,side_effect_info
https://www.yeoshin.co.kr/event/mobile/27300,피부,스킨부스터,쥬베룩,수분충전 리쥬베룩(리쥬란 + 쥬베룩),https://d3gurpvil0se70.cloudfront.net/upfiles/images/product/7t8GaiGN7xqctwY8OmgwZ8H8lev.jpg?q=90&f=webp&w=1024,10.0,1.0,251900.0,244900,유앤아이의원(수원점),경기도 수원시 팔달구 효원로 265번길 54 유앤아이의원(수원점)주소복사,,VAT 포함,,,,리쥬란힐러 시술시간 30~60분 마취여부 크림마취 회복시간 약 3일 시술효과 1~2주 후,
https://www.yeoshin.co.kr/event/mobile/22251,지방성형,바디지방흡입,엉덩이지방흡입,지세븐 엉덩이 지방이식,https://d3gurpvil0se70.cloudfront.net/upfiles/images/product/BktBDm9wn4XVubEasbpWmhPI6H77.png?q=90&f=webp&w=1024,,,,2970000,지세븐의원,서울특별시 강남구 테헤란로 141 KR타워 5층주소복사,"지방흡입 #체형개선 #지방제거 지방흡입술은 지방이 집중적으로 축적된 부위의 지방세포를 흡입기를 사용해 제거하는 시술입니다. 주로 복부, 허벅지, 팔, 엉덩이와 같은 부위에서 시행되며, 다이어트로 개선되지 않는 부위의 지방을 제거해 매끄러운 바디라인을 만드는데 도움을 줍니다. 수술 후에는 압박복을 착용해 흡입 부위의 부기를 줄일 수 있습니다. 회복 기간 동안 약간의 통증과 멍이 발생할 수 있으며, 최종 결과는 3~6개월 후에 나타납니다.",,"비교적 간편하게 다이어트와 체형관리를 하고싶은 분 부유방, 허벅지, 뱃살 등이 고민인 분 운동할 시간이 없는 분 울퉁불퉁한 지방을 제거하고 싶은 분",,,지방흡입 시술시간 2~3시간 마취여부 수면 회복시간 1~2주 시술효과 3~6개월,
https://www.yeoshin.co.kr/event/mobile/11119,피부,스킨부스터,리쥬란아이,리쥬란아이,https://d3gurpvil0se70.cloudfront.net/upfiles/images/product/wtV1FclLJ6oIRgrpWLDFbQPmIrI9.jpg?q=90&f=webp&w=1024,9.1,138.0,132000.0,125000,비오페이스의원,크림마취,,VAT 포함,,,,리쥬란아이 시술시간 30분 마취여부 냉각마취 회복시간 5일 시술효과 2주 후,
https://www.yeoshin.co.kr/event/mobile/23298,눈성형,트임,앞트임,대구트임성형 앞트임 윗트임 뒤트임 밑트임,https://d3gurpvil0se70.cloudfront.net/upfiles/images/product/2v5JCwFrLwkLUb5EL6gVCGQ6IGZ3.jpg?q=90&f=webp&w=1024,,,,440000,메이린의원(대구점),크림마취,,,,,,눈트임 시술시간 30~60분 마취여부 국소/수면 회복시간 1~2주 시술효과 1~3개월,
https://www.yeoshin.co.kr/event/mobile/15888,리프팅,실리프팅,실리프팅,아르의원_김해점) 실리프팅,https://d3gurpvil0se70.cloudfront.net/upfiles/images/product/pZb6Lyci6MR4phmm9Wn9TMaFyWm3.jpg?q=90&f=webp&w=1024,,,110000.0,103000,아르의원(김해점),,실리프팅 #녹는실 #라인개선 녹는실을 얼굴 부위에 삽입하여 잔주름과 얼굴 라인 개선을 동시에! #즉각적 #리프팅 비수술적인 방법으로 즉각적이고 높은 리프팅 효과 권장주기 3~6개월 / 1회 시술,VAT 포함,잔주름 깊은 주름으로 고민하시는 분 탄력이 떨어져 처진 얼굴살을 정리하고 싶은 분 시술 결과가 비교적 오래 유지되길 원하는 분 처진 피부를 리프팅하고 이중턱을 개선하고 싶은 분,,,실리프팅 시술시간 40분 마취여부 국소마취 회복시간 당일 시술효과 2~4주 후,
https://www.yeoshin.co.kr/event/mobile/16728,피부,필링,필링,릴리이드M 물광주사로 스킨부스팅,https://d3gurpvil0se70.cloudfront.net/upfiles/images/product/eVLcFNyYP8HyomqaNA6Ig8XSjyCA.jpg?q=90&f=webp&w=1024,10.0,2.0,99000.0,92000,제이필의원(강남점),서울특별시 강남구 강남대로 438 (역삼동) 스타플렉스 B1주소복사,,VAT 포함,,,,릴리이드 시술시간 40~60분 마취여부 크림마취 회복시간 당일 시술효과 1주 후,
https://www.yeoshin.co.kr/event/mobile/19423,제모,얼굴제모,턱제모,남자 겨드랑이/인중 레이저제모,https://d3gurpvil0se70.cloudfront.net/upfiles/images/product/w0yEPqLITO5wdN0zZKqRoHaKiqN9.jpg?q=90&f=webp&w=1024,9.6,34.0,11000.0,6100,뷰티앤디지털치과병원,"경기도 파주시 경의로1240번길 19 (와동동) 월드타워15차 7층, 8층주소복사",,VAT 포함,,,,남성제모 시술시간 5~10분 마취여부 마취없음 회복시간 당일 시술효과,
https://www.yeoshin.co.kr/event/mobile/27525,피부,피부레이저,비립종제거,"사마귀, 비립종, 쥐젖 제거",https://d3gurpvil0se70.cloudfront.net/upfiles/images/product/V9rp2aILpEoGtWoArqUspBRPp3g5.jpg?q=90&f=webp&w=1024,,,10000.0,5500,아이맘한의원,크림마취,"점제거 #말끔하게 #각종잡티(사마귀, 비립종, 쥐젖 등) 다양한 잡티에 알맞은 레이저로 말끔히 제거 #손상NO #상처DOWN 핀홀 레이저로 주변 조직 손상 없이 흉터, 자국, 상처는 DOWN 면역치료로 재발, 확산 방지 필요에 따라 한방면역치료 진행 가능 권장주기 1개월 / 1~3회 시술",VAT 포함,잡티로 얼굴이 칙칙해 보여 고민인 분 효과적인 점 제거를 원하는 분 잡티없는 깨끗한 피부를 원하는 분 점이 많아 고민인 분,"시술 특장점 깨끗하게 잡티 제거 잡티 제거 후 흉터 자국, 상처가 거의 없습니다. 피부 손상을 낮춘 시술 핀홀 레이저로 주변 피부 손상을 낮추어 효과적으로 점을 뺄 수 있습니다. 주위 피부 개선 잡티 외의 시술 부위의 피부 탄력 및 개선 효과를 기대할 수 있습니다.","시술 시 통증이 많이 있나요? 시술 시 통증은 적은 편이며, 시술 시간이 짧아 피부 손상이 적은 편입니다. 완벽하게 제거되나요? 눈에 보이는 병변이 제거되었더라도 관리상태에 따라 재발할 가능성은 있습니다.",점제거 시술시간 5-20분 마취여부 크림마취 회복시간 약 7~14일 시술효과 1~2주 후,"주의사항 1 시술 직후 레이저로 인한 화끈거림이 있을 수 있습니다. 2 색소 침착이 되지 않도록 외출 시 자외선 차단제를 꼼꼼히 발라주세요. 3 시술 후 붉은 피부에 쿨링팩이나 진정팩을 사용하여 진정시켜주세요. 4 시술 부위는 하루 정도 물에 닿지 않도록 해야 합니다. 5 딱지는 억지로 제거하지 마시고 자연 탈락되도록 해주세요. 6 재생테이프는 진물을 흡수하는 역할로, 7일 동안 꾸준히 붙여야 합니다. 7 찜질방, 사우나, 선탠은 과색소 침착을 야기할 수 있으니 자제해주세요."
https://www.yeoshin.co.kr/event/mobile/25078,보톡스,주름보톡스,스킨보톡스,촉촉光피부 (리쥬란+물광+스킨보톡스),https://d3gurpvil0se70.cloudfront.net/upfiles/images/product/EAiVlvUnvsu1snjBTSfltv9zR882.JPG?q=90&f=webp&w=1024,10.0,11.0,209000.0,202000,올리미의원,,"리쥬란힐러 #피부재생 #스킨부스터 피부의 DNA를 이루는 폴리뉴클레오티드(PN)를 진피층에 주사하는 시술 #피부환경개선 #건강한피부 노화나 자외선 등 다양한 피부 자극으로부터 피부 속 환경을 개선 #주름개선 #콜라겐재생 콜라겐 재생, 섬유아세포 증식 촉진 등으로 주름을 완화시키고 피부 구조를 개선",VAT 포함,건조하고 탄력이 떨어진 피부가 고민인 분 잔주름 때문에 나이가 더 들어보이는 분,,,리쥬란힐러 시술시간 20~30분 마취여부 크림마취 회복시간 약 3일 시술효과 1~2주 후,
https://www.yeoshin.co.kr/event/mobile/24102,보톡스,주름보톡스,잔주름보톡스,얼굴 보톡스(수입),https://d3gurpvil0se70.cloudfront.net/upfiles/images/product/cN84GSYq2jzqLUCLGXViu12DqZR1.jpg?q=90&f=webp&w=1024,10.0,2.0,70000.0,63000,새봄여성의원(송파),서울특별시 송파구 석촌호수로 160 (삼전동) 수연빌딩 4층 주소복사,"주름보톡스 #주름예방 #습관교정 표정 주름을 만드는 근육을 마비시켜 근육 사용 습관 교정 및 주름 예방에 효과적 #미세주름개선 미세 주름이 많은 미간, 이마, 눈가 등에 주사하여 전체적인 주름을 개선 권장주기 4~6개월 / 1회 시술",VAT 포함,얼굴의 주름을 자연스럽게 개선하고 싶은 분 눈가의 잔주름 개선을 원하는 분 탄력없는 피부와 잔주름이 고민인 분 잔주름을 개선하고 싶은 분,시술 특장점 표정으로 인한 주름 개선 표정주름을 만드는 근육을 풀어주어 주름을 개선해줍니다. 주름 예방 효과 표정 근육의 사용 습관 교정 및 주름 예방 효과가 있습니다. 밝은 인상으로 개선 찡그릴 때 생긴 주름으로 인해 인상쓰는 것처럼 보이는 이미지를 개선해줍니다.,"시술 시 통증은 없나요? 개인에 따라 차이가 있지만 마취가 필요할 경우 크림마취를 진행하고 있으며, 약간의 통증이 있을 수 있습니다. 효과는 언제 나타나나요? 개인차가 있지만, 약 1~2주 후부터 효과가 나타나기 시작합니다.",주름보톡스 시술시간 10분 마취여부 크림마취 회복시간 약 3일 시술효과 1~2주 후,주의사항 1 시술 후 음주 및 흡연을 자제해주세요. 2 시술 후 시술 부위를 강하게 마사지하거나 누르지 말아주세요. 3 시술 후 3~4일간 과격하고 무리한 운동은 자제해주세요.
https://www.yeoshin.co.kr/event/mobile/20401,지방성형,지방분해,얼굴지방분해주사,[인천]얼굴지방분해주사,https://d3gurpvil0se70.cloudfront.net/upfiles/images/product/SFUCNNYGKW7AcSUKa4RvfacEo153.jpg?q=90&f=webp&w=1024,,,220000.0,213000,제로의원(인천점),,,VAT 포함,,,,얼굴지방분해주사 시술시간 10~20분 마취여부 마취없음 회복시간 약 3일 시술효과 1~2주 후,
https://www.yeoshin.co.kr/event/mobile/24443,피부,필링,블랙필,블랙필,https://d3gurpvil0se70.cloudfront.net/upfiles/images/product/l8kUOmLpcbQnVUHI7IQS4FvNebj8.png?q=90&f=webp&w=1024,,,165000.0,158000,휴먼피부과의원(평택점),크림마취,블랙필 #각질제거 #천연성분 발효 흑초 성분으로 피부에 영양을 주는 동시에 각질을 떨어뜨려 매끈하게 #피지배출 #염증완화 살리실산과 자스모닉산 성분으로 살균 및 염증 완화에 효과적 #항산화작용 항산화 작용으로 유해산소에 의한 스트레스 감소 권장주기 1~2주 / 3회 이상 시술,VAT 포함,피지를 조절하여 여드름을 개선하고 싶은 분 피부를 맑고 환하게 개선하고 싶은 분 넓은 모공 크기를 축소시키고 싶은 분 민감한 피부를 진정시키고 싶은 분,시술 특장점 발효 흑초 성분 필링 발효 흑초 성분으로 필링을 유도해 피부결 및 얼굴톤 개선 살균 및 항염 작용 살리실산과 자스모닉산 성분으로 살균 및 항염 작용 피부 재생 촉진 아이오딘화 포타슘 성분으로 피부 재생 촉진,"피부가 예민한데 필링을 받아도 되나요? 블랙필은 자극이 거의 없이 각질제거가 되어, 민감성 피부를 포함한 대부분의 피부타입에 시술이 가능합니다. 통증이 있을까요? 통증은 심하지 않고 피부상태에 따라 다르지만 살짝 따끔한 느낌이 있을 수 있습니다.",블랙필 시술시간 30~60분 마취여부 마취없음 회복시간 당일 시술효과 약 1주 후,주의사항 1 세안은 찬물이나 미온수로 하시고 저자극 클렌저를 사용해주세요. 2 시술 후 일시적으로 각질이 약하게 벗겨질 수도 있습니다. 3 시술 후 건조함이 느껴질 수 있으니 보습제와 재생크림을 자주 발라주세요.
https://www.yeoshin.co.kr/event/mobile/19204,제모,얼굴제모,턱제모,"겨드랑이 제모, 미백, 겨땀억제",https://d3gurpvil0se70.cloudfront.net/upfiles/images/product/ELLWxjeKursLEMoox3aSLCcNWge1.jpg?q=90&f=webp&w=1024,9.3,20.0,11000.0,6100,제이필의원(강남점),서울특별시 강남구 강남대로 438 (역삼동) 스타플렉스 B1주소복사,,VAT 포함,,,,여성제모 시술시간 5~10분 마취여부 마취없음 회복시간 당일 시술효과 1~2주 후,
https://www.yeoshin.co.kr/event/mobile/26688,리프팅,레이저리프팅,울쎄라리프팅,"업그레이드된 울쎄라2, 울쎄라피 프라임",https://d3gurpvil0se70.cloudfront.net/upfiles/images/product/JbNwLv5TGfHBXunvWax9ZsgSWn0A.jpg?q=90&f=webp&w=1024,,,396000.0,389000,제이필의원(홍대점),크림마취,,VAT 포함,,,,울쎄라피프라임 시술시간 30~60분 마취여부 크림마취 회복시간 약 1~3일 시술효과 1~2개월,
https://www.yeoshin.co.kr/event/mobile/20453,리프팅,실리프팅,실리프팅,눈밑꺼짐,https://d3gurpvil0se70.cloudfront.net/upfiles/images/product/BTZitTaRRsuCvsikx4GtgSs5VHi1.jpg?q=90&f=webp&w=1024,,,77000.0,70000,쉬즈한의원(강남점),"서울 서초구 강남대로 421, 삼영빌딩 6층 쉬즈한의원(강남점)주소복사",매선 #한방리프팅 #매선침 의료용 실을 매선침에 연결하여 진행하는 리프팅 시술 #리프팅효과 피부 진피층을 자극해 리프팅 효과! 권장주기 1~2년 / 1회 시술,VAT 포함,잔주름 깊은 주름으로 고민하시는 분 비수술적인 리프팅 시술을 원하는 분 시술 결과가 비교적 오래 유지되길 원하는 분 탄력없는 피부와 잔주름이 고민인 분,,,매선 시술시간 90분 마취여부 마취없음 회복시간 약 3~7일 시술효과 1~3달 후,
https://www.yeoshin.co.kr/event/mobile/17048,피부,스킨부스터,엑소좀,베네핏 엑소좀 5ml,https://d3gurpvil0se70.cloudfront.net/upfiles/images/product/9EsZ6H64LwqCAQaBWNwYLk6EzRy2.jpg?q=90&f=webp&w=1024,10.0,1.0,275000.0,268000,베네핏의원,,"엑소좀 #피부면역력UP #피부개선 피부 면역 기능을 효과적으로 증대시켜 전반적인 피부 개선 기대! #피부진정 #탄력개선 예민해진 피부 진정을 도와주고 늘어진 탄력을 개선하는 효과 기대! #줄기세포 #예민피부케어 줄기세포 배양액을 분리, 정제한 성분으로 민감하고 예민한 피부를 케어! 권장주기 1~2주 / 3회 이상 시술",VAT 포함,유해 환경으로부터 피부가 약해져 고민인 분 건강한 피부결을 원하는 분 피부가 건조하고 피부결이 거칠어 고민인 분 자연스러운 광채효과를 원하는 분,"시술 특장점 예민한 피부에 효과적 줄기세포 배양액을 분리, 정제한 핵심성분으로 민감하고 예민한 피부에 적용합니다. 피부 면역력 증가 피부 면역 기능 개선을 도와 면역력 향상을 효과적으로 증가시켜줍니다. 피부 진정과 탄력 개선 스트레스로 예민해진 피부 진정을 도와주며 처지고 늘어진 탄력을 개선합니다.","시술시 부작용이 있나요? 시술 후 주사 자국, 멍, 홍반, 간지럼증이 있을 수 있습니다. 시술 후 어떻게 관리해야 하나요? 화장은 가급적 시술 다음날부터 하는 것을 권장드리며, 시술 직후 재생크림을 꼭 발라주시고 외출시 자외선 차단제를 반드시 발라주세요. 시술 간격은 어떻게 되나요? 초기 집중 케어시 개인 피부 컨디션에 따라 2주 간격으로 3~5회 시술 권장드립니다. 시술 시 통증은 없나요? 개인에 따라 차이가 있지만 마취크림을 바른 후 시술하기 때문에 큰 통증은 거의 없는 편입니다. 일상생활에는 지장이 없나요? 시술 당일은 시술 부위가 부분적으로 볼록해지는 현상이 간혹 있으나, 일상생활 하는데 불편함은 거의 없는 편이며, 개인에 따라 다를 수 있습니다. 어떤 피부 상태에서 시술 받으면 효과가 좋을까요? 잔주름 및 피부 탄력 부족, 피부가 건조하여 광채를 잃은 피부, 얼굴 전체에 여드름 흉터가 있는 분들이 받으면 효과가 좋습니다.",엑소좀 시술시간 30~60분 마취여부 크림마취 회복시간 약 3일 시술효과 1~2주 후,"주의사항 1 시술 후 세안 및 메이크업 가능하며, 저자극 클렌저를 사용합니다. 2 외출 시 자외선 차단제를 꼼꼼히 자주 발라주세요. 3 시술 후 수분 공급을 위해 수분크림이나 재생크림을 충분히 발라주세요. 4 시술 후 붉은기, 통증, 엠보싱이 나타날 수 있으나 수일 내 완화됩니다. 5 시술 후 1~2주 동안 찜질방, 사우나 이용을 피해주세요. 6 시술 후 3~4일간 과격하고 무리한 운동은 자제해주세요. 7 시술 후 시술 부위를 강하게 마사지하거나 누르지 마세요. 8 시술 후 음주, 흡연은 삼가주세요."
https://www.yeoshin.co.kr/event/mobile/15702,피부,정맥주사,백옥주사,더나은 백옥주사,https://d3gurpvil0se70.cloudfront.net/upfiles/images/product/QHZPmQEUERZJTxKobvKQGOcJpVA2.jpg?q=90&f=webp&w=1024,10.0,2.0,30000.0,23000,더나은가정의학과의원,"서울특별시 관악구 쑥고개로 70 (봉천동) (봉천동, 스카이빌딩) 3층주소복사",백옥주사 #탄력 #윤기 글루타치온 성분으로 어둡고 칙칙한 피부를 밝고 윤기나는 피부로 개선! #항산화효과 강력한 항산화 작용으로 노화 예방에도 효과적! #간해독작용 우리 몸에 남아있는 중금속이 배출되도록 도와주고 간 해독 작용까지! 권장주기 2주 / 3~4회 시술,VAT 포함,피부톤이 어둡고 칙칙해 고민인 분 노화로 인한 탄력 저하가 고민인 분 노화방지 및 피로회복 증진을 원하는 분 피부를 좀 더 밝게 가꾸고 싶은 분,,,백옥주사 시술시간 60분 마취여부 마취없음 회복시간 당일 시술효과 점차증진,
https://www.yeoshin.co.kr/event/mobile/17321,제모,바디제모,팔제모,남성 제모_팔/종아리/배렛나루,https://d3gurpvil0se70.cloudfront.net/upfiles/images/product/DXe5OKTtiwFGOKw7s6oUpxUO3a28.jpg?q=90&f=webp&w=1024,10.0,1.0,49500.0,42500,블리비의원(발산점),,남성제모 #반영구적 #손상거의없이 모낭과 모근에 레이저빔을 선택적으로 조사하여 피부 손상 거의 없이 반영구적으로! #깨끗하고 #깔끔하게 굵은 털부터 얇은 털까지 제거하여 깨끗하고 깔끔해 보이는 이미지로 개선! #적은통증 #부작용DOWN 통증이 비교적 적고 자극성 피부염이나 모낭염과 같은 부작용 걱정은 DOWN! 권장주기 1개월 / 5회 이상 시술,VAT 포함,셀프제모로 인한 색소침착이 고민인 분 잦은 제모로 인해 피부트러블이 생긴 분 털 없는 매끈한 피부로 개선하기 원하는 분 반영구적인 효과를 얻고 싶은 분,"시술 특장점 반영구적 효과 기대 5~10회 제모 후 털이 거의 자라지 않아 매일 제모하는 번거로움이 없습니다. 부드러운 피부로 개선 털의 빈 공간에 주변 세포가 차오르고 모공 수축 효과로 피부가 부드러워집니다. 피부 손상이 적은 제모 면도, 왁싱으로 인한 피부 손상, 감염 등이 거의 없습니다.","제모하기 전 준비해야할 부분이 있나요? 시술 1~2일 전 시술 부위를 쉐이빙(면도)한 후에 내원하시기 바랍니다. 시술시 부작용이 있나요? 시술 직후 미세한 부기나 간지럼증, 붉음증 등이 있을 수 있습니다.",남성제모 시술시간 5~10분 마취여부 마취없음 회복시간 당일 시술효과,"주의사항 1 1~2일 정도는 붉은 기, 약간의 붓기가 있으나 자연 회복됩니다. 2 사우나, 찜질방, 수영장 출입은 일주일 가량 피해주시기 바랍니다. 3 외출시 자외선 차단제를 반드시 사용하는 것이 좋습니다. 4 드물게 모낭염, 물집, 딱지 등이 발생할 수 있습니다."
https://www.yeoshin.co.kr/event/mobile/17312,피부,피부레이저,V레이저,블리비 엑셀 브이 레이저,https://d3gurpvil0se70.cloudfront.net/upfiles/images/product/oKZ9PkixsgETRJdcAiPi2in6Ujq.jpg?q=90&f=webp&w=1024,10.0,1.0,159500.0,152500,블리비의원(영등포점),,"엑셀브이 #세가지모드 #피부개선 세가지 모드의 파장을 이용해 복합적이고 다양한 피부 문제를 동시에 개선 #혈관질환개선 안면홍조, 미세혈관 등 혈관 질환 개선에 탁월! #맞춤치료 색소, 모공, 흉터, 탄력 등 다양한 피부 고민에 맞춤 치료 가능! 권장주기 2~3주 / 1회 시술",VAT 포함,넓은 모공과 홍조를 개선하고 싶은 분 다양한 혈관 질환을 개선하고 싶은 분 복합적인 피부 치료가 필요한 분 기미나 잡티로 인한 얼룩덜룩한 피부가 고민인 분,"시술 특장점 광범위한 피부고민 개선 색소, 모공, 혈관, 흉터, 탄력 등 다양한 피부고민에 적용이 가능합니다. 홍조 개선 안면홍조, 미세혈관 등 혈관질환 개선시켜줍니다. 세가지 모드의 파장 피부고민에 맞는 핸드피스와 파장으로 맞춤 치료할 수 있습니다.",당일 세안과 메이크업 가능한가요? 당일에 세안과 메이크업 모두 가능합니다. 일상생활에 지장은 없나요? 회복기간이 거의 없어 일상생활이 가능합니다.,엑셀브이 시술시간 60분 마취여부 마취없음 회복시간 약 1~2일 시술효과 1~2주 후,주의사항 1 시술 후 음주 및 흡연을 자제해주세요. 2 시술 후 일주일간 사우나와 찜질방은 피해주세요. 3 건조함이 느껴질 수 있으니 보습에 신경써주세요.
https://www.yeoshin.co.kr/event/mobile/23620,피부,필링,필링,"피지청소, 모공청소기 아쿠아필 + 모델링팩",https://d3gurpvil0se70.cloudfront.net/upfiles/images/product/PXadWmGRKC5BNY5551sRa6i7zEz4.png?q=90&f=webp&w=1024,10.0,7.0,44000.0,37000,빛담은한의원,크림마취,"아쿠아필 #3단계솔루션 #각질제거 3가지 특수 솔루션을 모공 속에 침투시켜 각질과 노폐물을 녹이는 필링 #여드름완화 #피부결개선 피부 트러블을 유발하는 모낭충과 함께 블랙헤드, 피지 등을 녹여 피부결 개선 #수분공급 #촉촉보습 보습, 진정용액으로 건조한 피부에 수분을 공급하여 촉촉함 유지 권장주기 1~2주 / 3회 이상 시술",VAT 포함,피지분비로 인한 블랙헤드가 고민인 분 각질 때문에 화장이 잘 먹지 않는 분 부작용이 적은 필링을 원하는 분 피지 과다 분비로 얼굴에 기름기가 많아 고민인 분,시술 특장점 각질과 피지 제거 BHA 성분이 표피 손상 거의 없이 노화된 각질과 피지를 동시에 제거합니다. 모낭충 감소로 피부결 개선 여드름 등 피부 질환을 유발하는 모낭충을 감소시켜 피부결을 개선할 수 있습니다. 빠른 일상생활 가능 일상생활에 지장이 거의 없으며 적은 횟수의 시술로도 효과를 볼 수 있습니다.,"시술시 부작용이 있나요? 시술 직후 미세한 부기나 간지럼증, 붉음증이 등이 있을 수 있습니다. 염증성(화농성) 여드름 피부도 받을 수 있나요? 아쿠아필은 어떤 피부타입도 시술가능하나, 기기로 흡착하는 방식이기 때문에 염증이 과도한 경우 통증 및 2차염증이 우려되니 상담 후 결정해주세요.",아쿠아필 시술시간 30~40분 마취여부 마취없음 회복시간 당일 시술효과,주의사항 1 시술 후 건조한 느낌이 들면 보습제를 도포해주세요. 2 시술기간 중에는 스크럽제나 필링 시술을 피해주세요. 3 시술 후 일시적으로 여드름이 악화될 수 있습니다.
https://www.yeoshin.co.kr/event/mobile/4674,피부,필링,라라필,피부힐링 라라필,https://d3gurpvil0se70.cloudfront.net/upfiles/images/product/2423729257.jpg?q=90&f=webp&w=1024,9.6,28.0,65000.0,58000,하늘라인의원,서울특별시 성동구 성수이로 119 하늘라인의원주소복사,"라라필 #미백 #각질 #라라필 라라필은 LHA 성분에 알칼리성분을 결합한 필링 솔루션입니다. 각질층을 부드럽게 녹여주며, 피부 깊숙이 유효성분을 침투시켜 피부가 속에서부터 건강해 질 수 있도록 도와줍니다. 권장주기 1주 / 4회 시술",VAT 포함,"피부가 예민해 필링 시술을 받아보기 힘든 분 피부에 부담이 적은 피부탄력 관리를 원하는 분 잦은 시술로 예민해진 피부를 관리하고 싶은 분 시술을 받을 때 가려움, 붓기, 따가움이 싫은 분",,"안따가워요? LHA 라라필은 각질을 부드럽게 녹여낸 뒤 피부 깊숙이 영양성분을 침투시키는 원리이기 때문에 열감과 따가움등의 자극이 적습니다. 장기적으로 시술 받으면 피부가 얇아지나요? 각질층을 벗겨내는 시술이 아닌, 피부 장벽을 전반적으로 개선해주는 시술이기 때문에, 피부가 얇아지거나 예민해지거나 손상이 거의 없습니다.",라라필 시술시간 30분 마취여부 마취없음 회복시간 당일 시술효과,"주의사항 1 3~7일간 과음, 사우나,찜질방 출입, 열탕목욕 등을 피해주시는 것이 좋습니다. 2 붉은기와 일시적인 트러블이 발생시 곧 완화됩니다. 3 스크럽제 사용 및 필링 시술을 피해주시기 바랍니다."
https://www.yeoshin.co.kr/event/mobile/27304,피부,피부레이저,젠틀맥스프로,에르네의원 젠틀맥스프로 얼굴 부위별 제모,https://d3gurpvil0se70.cloudfront.net/upfiles/images/product/OjXKaNraxH7Xj69tRYARwJnXamuA.jpg?q=90&f=webp&w=1024,10.0,1.0,11000.0,6100,에르네의원,서울시 서초구 서초대로 77길 59 에르네의원주소복사,여성제모 #반영구적 #손상거의없이 모낭과 모근에 레이저빔을 선택적으로 조사하여 피부 손상 거의 없이 반영구적으로! #깨끗하고 #깔끔하게 굵은 털부터 얇은 털까지 제거하여 깨끗하고 깔끔해 보이는 이미지로 개선! #적은통증 #부작용DOWN 통증이 비교적 적고 자극성 피부염이나 모낭염과 같은 부작용 걱정은 DOWN! 권장주기 1개월 / 5회 이상 시술,VAT 포함,셀프제모로 인한 색소침착이 고민인 분 잦은 제모로 인해 피부트러블이 생긴 분 털 없는 매끈한 피부로 개선하기 원하는 분 반영구적인 효과를 얻고 싶은 분,"시술 특장점 반영구적 효과 기대 5~10회 제모 후 털이 거의 자라지 않아 매일 제모하는 번거로움이 없습니다. 부드러운 피부로 개선 털의 빈 공간에 주변 세포가 차오르고 모공 수축 효과로 피부가 부드러워집니다. 피부 손상이 적은 제모 면도, 왁싱으로 인한 피부 손상, 감염 등이 거의 없습니다.","제모하기 전 준비해야할 부분이 있나요? 시술 1~2일 전 시술 부위를 쉐이빙(면도)한 후에 내원하시기 바랍니다. 레이저제모를 받으면 바로 모가 사라지나요? 레이저 제모를 하게 되면 모와 모낭, 모근에 열에너지가 가해지고, 그로 인해 모가 소작되며 소작된 모는 1~2주에 걸쳐 스스로 빠지게 됩니다.",여성제모 시술시간 5~10분 마취여부 선택가능 회복시간 당일 시술효과 1~2주 후,"주의사항 1 1~2일 정도는 붉은 기, 약간의 붓기가 있으나 자연 회복됩니다. 2 당일 화장, 세안, 샤워가 가능합니다. 3 사우나, 찜질방, 수영장 출입은 일주일 가량 피해주시기 바랍니다."
https://www.yeoshin.co.kr/event/mobile/26877,리프팅,레이저리프팅,리프테라,리프팅 레이저 : 리프테라,https://d3gurpvil0se70.cloudfront.net/upfiles/images/product/rd626RdlyajAMEAuRQS9Oll8J1F5.jpg?q=90&f=webp&w=1024,,,41800.0,34800,벨로아의원,크림마취,"리프테라 #다양한피부층 #타이트닝 피부 속 깊은 근막층(SMAS)까지 에너지를 전달시키는 리프팅 #피부재생 #잔주름개선 #V라인 자연스러운 피부 재생을 유도하여 탄력, V라인, 잔주름 등을 개선하는 효과 #굴곡진부분 #섬세한리프팅 펜 타입의 어플리케이터를 이용해 굴곡진 피부면도 꼼꼼한 시술이 가능! 권장주기 2주 / 3회 이상 시술",VAT 포함,울퉁불퉁해진 얼굴 윤곽을 개선하고 싶은 분 피부의 전체적인 탄력 개선을 원하는 분 절개나 실을 이용한 리프팅은 부담스러운 분 이중턱이나 볼살 등 얼굴 지방 개선을 원하는 분,시술 특장점 다양한 피부층에 시술 SMAS층 뿐만 아니라 다양한 깊이의 피부층에 시술이 가능합니다. 특정한 피부층에 효과 리프팅에 필요한 열 에너지를 조사하여 특정한 피부층에 열 효과를 냅니다. 굴곡진 부분까지 섬세하게 얼굴 모양선을 따라 굴곡진 부분까지 섬세하게 리프팅이 가능합니다.,"시술 시 부작용이 있나요? 비교적 간단한 시술로 부작용이 거의 없으나 개인마다 간지럼증이나 두드러기 반응이 있을 수 있습니다. 마취가 필요한가요? 통증이 적은 편이라 일반적인 경우 마취가 필요없지만, 민감한 환자의 경우에는 국소 마취크림을 시술 전에 진행하기도 합니다.",리프테라 시술시간 20~40분 마취여부 크림마취 회복시간 약 5일 시술효과 약 8주 후,"주의사항 1 시술 후 세안 및 메이크업이 가능하며, 저자극 클렌저 사용을 권장합니다. 2 초음파 열의 효과적인 유지를 위해 약 3일간은 미온수로 세안해주세요. 3 시술 후 일주일 정도 필링 시술, 스크럽 제품의 사용을 피해주세요."
https://www.yeoshin.co.kr/event/mobile/26181,피부,스킨부스터,스킨바이브,신상 스킨바이브,https://d3gurpvil0se70.cloudfront.net/upfiles/images/product/xPC9QZcPXuR0XuvH9GFanMQm3pB2.jpg?q=90&f=webp&w=1024,,,330000.0,323000,신상성형외과의원,"서울특별시 강남구 도산대로 150 (논현동) 5층,6층 신상성형외과의원주소복사",,VAT 포함,,,,스킨바이브 시술시간 20~30분 마취여부 크림마취 회복시간 약 1~3일 시술효과 약 2주 후,
https://www.yeoshin.co.kr/event/mobile/25969,리프팅,레이저리프팅,써마지리프팅,"피부과 전문의, 맞춤 써마지FLX 600샷",https://d3gurpvil0se70.cloudfront.net/upfiles/images/product/nTrnoEes36UZFVIw503wUmsHvke8.jpg?q=90&f=webp&w=1024,,,2000000.0,1993000,청담더오피부과의원,서울특별시 강남구 선릉로 602 (삼성동) 2층주소복사,,VAT 포함,,,,써마지 시술시간 50~60분 마취여부 크림마취 회복시간 당일 시술효과 1~3개월,
https://www.yeoshin.co.kr/event/mobile/27093,피부,필링,쎄라필,[저자극] 4세대 프리미엄 필링 쎄라필,https://d3gurpvil0se70.cloudfront.net/upfiles/images/product/q3b5wm5kMIlwuuuKEB2wHDLMCKD2.jpg?q=90&f=webp&w=1024,,,60000.0,53000,뷰티오션의원(하남감일점),경기도 하남시 감일중앙로 60 (감이동) 벨솔레파크 4층 뷰티오션의원주소복사,,VAT 포함,,,,쎄라필 시술시간 20~30분 마취여부 마취없음 회복시간 당일 시술효과,
https://www.yeoshin.co.kr/event/mobile/26119,피부,피부레이저,피코토닝,"깨끗한 피부 만들기, 색소 치료",https://d3gurpvil0se70.cloudfront.net/upfiles/images/product/pSiRA2uQPuP1y1t4F9xOayhiZ0Y3.png?q=90&f=webp&w=1024,,,93500.0,86500,유앤아이피부과의원(판교점),경기도 성남시 분당구 판교로 375 유앤아이피부과의원(판교점)주소복사,,VAT 포함,,,,피코토닝 시술시간 30~60분 마취여부 마취없음 회복시간 약 1~2일 시술효과 약 1주 후,
https://www.yeoshin.co.kr/event/mobile/20451,리프팅,실리프팅,실리프팅,눈밑지후케어,https://d3gurpvil0se70.cloudfront.net/upfiles/images/product/RbwZ3kR3PyR3CsD4q7pbSySPCBlA.jpg?q=90&f=webp&w=1024,,,77000.0,70000,쉬즈한의원(강남점),"서울 서초구 강남대로 421, 삼영빌딩 6층 쉬즈한의원(강남점)주소복사",매선 #한방리프팅 #매선침 의료용 실을 매선침에 연결하여 진행하는 리프팅 시술 #리프팅효과 피부 진피층을 자극해 리프팅 효과! 권장주기 1~2년 / 1회 시술,VAT 포함,잔주름 깊은 주름으로 고민하시는 분 비수술적인 리프팅 시술을 원하는 분 시술 결과가 비교적 오래 유지되길 원하는 분 탄력없는 피부와 잔주름이 고민인 분,,,매선 시술시간 90분 마취여부 마취없음 회복시간 약 3~7일 시술효과 1~3달 후,
https://www.yeoshin.co.kr/event/mobile/4782,필러,얼굴필러,턱필러,온에어♥턱끝필러,https://d3gurpvil0se70.cloudfront.net/upfiles/images/product/4046653232.jpg?q=90&f=webp&w=1024,8.8,4.0,99000.0,92000,온에어성형외과,서울특별시 강남구 강남대로 422 온에어성형외과주소복사,,VAT 포함,,,,턱필러 시술시간 30분 마취여부 냉각마취 회복시간 7일 시술효과 3일 후,
https://www.yeoshin.co.kr/event/mobile/26408,피부,정맥주사,미용수액,루셀 이너뷰티 수액 / 1인실 프라이빗룸,https://d3gurpvil0se70.cloudfront.net/upfiles/images/product/oG6wlZ8FQDLEb6UWKyRjj0Vf41w9.jpg?q=90&f=webp&w=1024,10.0,1.0,55000.0,48000,루셀의원,크림마취,"수액주사 #피로회복 #면역력증가 항산화 작용, 면역력 증가, 피로 회복 등의 효과 #혈색개선 #체력보충 약해진 체력과 면역력을 보충해주어 혈색 개선에 효과적 권장주기 4주 / 3~4회 시술",VAT 포함,튼튼하고 건강한 피부로 개선하고 싶은 분 만성 피로로 지쳐있는 분 노화방지를 원하는 분 면역기능을 강화하고 싶은 분,,,수액주사 시술시간 30분 마취여부 마취없음 회복시간 당일 시술효과 점차 증진,
https://www.yeoshin.co.kr/event/mobile/27043,리프팅,레이저리프팅,울쎄라리프팅,송도 울쎄라피 프라임(마취 선택 가능),https://d3gurpvil0se70.cloudfront.net/upfiles/images/product/tvUYK8OHEJGzsumFZWfgzvu4oUS9.jpg?q=90&f=webp&w=1024,,,440000.0,433000,샤인빔의원(송도점),크림마취,울쎄라피프라임 #강력한초음파 #울쎄라업그레이드 강력한 초음파가 피부 깊숙이 도달해 피부를 탄력있게 리프팅하는 울쎄라의 업그레이드 버전 #실시간확인 #비침습리프팅 비침습 비절개 방식으로 피부를 실시간으로 확인하며 정밀하게 시술 #섬세하고 #정교하게 기존 울쎄라보다 더 깊이 관찰해 더욱 섬세하고 빠른 시술이 가능 권장주기 6~12개월 / 1회 시술,VAT 포함,처진 피부와 팔자주름이 고민인 분 강력한 리프팅 효과를 원하는 분 피부의 전체적인 탄력 개선을 원하는 분 리프팅 효과를 오래 유지하고 싶으신 분,시술 특장점 더욱 정밀해진 기술 최대 8mm 깊이까지 초음파 관찰이 가능해 더욱 정밀한 타겟팅이 가능합니다. 부작용이 최소화된 빠른 시술 터치 반응 속도 향상으로 더 빠른 시술이 가능하며 부작용을 최소화합니다. 얇은 피부에도 효과적 피부 얕은 층을 안정적으로 시술할 수 있어 눈밑이나 팔자라인 등 얇은 피부에도 섬세하게 시술할 수 있습니다.,"울쎄라피 프라임은 일반 울쎄라와 무엇이 다른가요? 울쎄라피 프라임은 기존 울쎄라보다 초음파를 더 깊이 관찰 가능하여 더욱 정밀한 초음파 분석이 가능한 업그레이드 버전입니다. 효과는 언제부터 느낄 수 있나요? 시술 직후부터 리프팅 효과를 느낄 수 있으며, 약 1~2개월에 걸쳐 콜라겐이 재생되며 효과를 보실 수 있습니다.",울쎄라피프라임 시술시간 30~60분 마취여부 크림마취 회복시간 약 1~3일 시술효과 1~2개월,"주의사항 1 시술 후 일시적으로 붉어짐이나 약간의 부기가 발생할 수 있으나 수일 내 완화됩니다. 2 고온의 사우나, 찜질방 이용은 최소 1주일간 피하는 것이 좋습니다. 3 콜라겐 재생을 돕기 위해 시술 후 충분한 보습과 자외선 차단이 필요합니다."
https://www.yeoshin.co.kr/event/mobile/8495,리프팅,레이저리프팅,슈링크리프팅,슈링크+에어젯+아기레이저,https://d3gurpvil0se70.cloudfront.net/upfiles/images/product/3499330615.jpg?q=90&f=webp&w=1024,,,249000.0,242000,365SY연세의원,경기도 성남시 분당구 서현로210번길 20 365SY연세의원주소복사,에어젯 #기미 #잡티 #피부톤 #피부결 다양한 리프팅 레이저를 통해리프팅과 레이저 토닝 효과 #커스터마이징 #디자인 내 피부에 알맞은 피부 시술을 선택해 진행할 수 있습니다. 권장주기 1~3개월 / 3회 이상 시술,VAT 포함,수술 흉터가 걱정되어 수술은 부담스러운 분 피부가 얇아서 다른 시술이 부담스러운 분,,,에어젯 시술시간 40분 마취여부 크림마취 회복시간 3일 시술효과 2달 후,
https://www.yeoshin.co.kr/event/mobile/4707,피부,피부레이저,V레이저,레이저 질타이트닝 159000원,https://d3gurpvil0se70.cloudfront.net/upfiles/images/product/183056274.jpg?q=90&f=webp&w=1024,9.0,27.0,159000.0,152000,리디아여성의원,서울시 강남구 강남대로 432 리디아클리닉주소복사,,VAT 포함,,,,질리프팅레이저 시술시간 10분 마취여부 크림마취 회복시간 당일 시술효과 1개월 후,
https://www.yeoshin.co.kr/event/mobile/23341,피부,필링,아쿠아필링,송도비앤미 필링패키지,https://d3gurpvil0se70.cloudfront.net/upfiles/images/product/YkKbXGiDTeqYDY6chW4l5U7wJ1C7.jpg?q=90&f=webp&w=1024,10.0,1.0,53900.0,46900,송도비앤미의원,크림마취,,VAT 포함,,,,아쿠아필 시술시간 30~40분 마취여부 마취없음 회복시간 당일 시술효과,
https://www.yeoshin.co.kr/event/mobile/21140,리프팅,레이저리프팅,울쎄라리프팅,울쎄라+써마지FLX / 울써마지 리프팅,https://d3gurpvil0se70.cloudfront.net/upfiles/images/product/MOQqq1UbEQ3T0Yvf9PiH70kDtrk.jpg?q=90&f=webp&w=1024,,,1969000.0,1962000,닥터스피부과의원(공덕점),서울특별시 마포구 마포대로 127 닥터스피부과의원(공덕점)주소복사,,VAT 포함,,,,리프팅레이저 시술시간 40~60분 마취여부 3중마취 회복시간 1일 시술효과 2~3달 후,
https://www.yeoshin.co.kr/event/mobile/26649,피부,스킨부스터,리쥬란힐러,정품 꼼꼼 리쥬란힐러,https://d3gurpvil0se70.cloudfront.net/upfiles/images/product/vVrWHhOncDFSodfweq8utFfyw382.jpg?q=90&f=webp&w=1024,,,154000.0,147000,제이필의원(홍대점),크림마취,,VAT 포함,,,,리쥬란힐러 시술시간 30분 마취여부 크림마취 회복시간 3일 시술효과 1~2주 후,
https://www.yeoshin.co.kr/event/mobile/27467,제모,얼굴제모,턱제모,외음부 흰털제모(화이트제모),https://d3gurpvil0se70.cloudfront.net/upfiles/images/product/eaNtoq33sRcK8B9J1xkOxctaGB68.jpg?q=90&f=webp&w=1024,,,330000.0,323000,애플산부인과의원(천호점),"서울특별시 강동구 천호대로 1024 (성내동) 2층 (성내동 610, 힐스테이트천호역젠트리스)주소복사",여성제모 #반영구적 #손상거의없이 모낭과 모근에 레이저빔을 선택적으로 조사하여 피부 손상 거의 없이 반영구적으로! #깨끗하고 #깔끔하게 흰털을 제거하여 깨끗하고 깔끔해 보이는 이미지로 개선! #적은통증 #부작용DOWN 통증이 비교적 적고 자극성 피부염이나 모낭염과 같은 부작용 걱정은 DOWN! 권장주기 2개월 / 2~3회 이상 시술,VAT 포함,셀프제모로 인한 색소침착이 고민인 분 잘 보이지 않는 잔털까지 제모를 원하는 분,,,여성제모 시술시간 5~10분 마취여부 마취있음 회복시간 당일 시술효과 1~2주 후,
https://www.yeoshin.co.kr/event/mobile/16972,피부,스킨부스터,리쥬란힐러,리쥬란힐러 2cc,https://d3gurpvil0se70.cloudfront.net/upfiles/images/product/Yur6sz8lMreGqVyqjhX7ClfuMdoA.jpg?q=90&f=webp&w=1024,7.0,3.0,299000.0,292000,롤리팝성형외과의원,크림마취,,VAT 포함,,,,리쥬란힐러 시술시간 30~60분 마취여부 냉각마취 회복시간 3일 시술효과 1~2주 후,
https://www.yeoshin.co.kr/event/mobile/19269,리프팅,레이저리프팅,슈링크리프팅,유노 슈링크 400샷,https://d3gurpvil0se70.cloudfront.net/upfiles/images/product/qpwNy53sYKDemZdQbNLTT4ocyBn8.jpg?q=90&f=webp&w=1024,9.3,4.0,,213000,유노성형외과,서울특별시 서초구 서초대로77길 54 (서초동) W타워9층주소복사,,,,,,슈링크 시술시간 20~40분 마취여부 크림마취 회복시간 약 3일 시술효과 2개월 후,
https://www.yeoshin.co.kr/event/mobile/26675,피부,필링,필링,염증주사로 왕뾰루지 잠재우자,https://d3gurpvil0se70.cloudfront.net/upfiles/images/product/vet5CH3oOy83p3ecGfBtOmVf3cN9.jpg?q=90&f=webp&w=1024,10.0,3.0,11000.0,6100,제이필의원(홍대점),크림마취,,VAT 포함,,,,염증주사 시술시간 5~30분 마취여부 마취없음 회복시간 당일 시술효과 1~2일 후,
https://www.yeoshin.co.kr/event/mobile/17242,제모,얼굴제모,턱제모,여자원장님 시술 브라질리언 제모,https://d3gurpvil0se70.cloudfront.net/upfiles/images/product/Z6hCt2T1fL9HinM24Rh7GdmRC1l5.jpg?q=90&f=webp&w=1024,10.0,2.0,64900.0,57900,톡스앤필(제주점),,여성제모 #반영구적 #손상거의없이 모낭과 모근에 레이저빔을 선택적으로 조사하여 피부 손상 거의 없이 반영구적으로! #깨끗하고 #깔끔하게 굵은 털부터 얇은 털까지 제거하여 깨끗하고 깔끔해 보이는 이미지로 개선! #적은통증 #부작용DOWN 통증이 비교적 적고 자극성 피부염이나 모낭염과 같은 부작용 걱정은 DOWN! 권장주기 1개월 / 5회 이상 시술,VAT 포함,셀프제모로 인한 색소침착이 고민인 분 잦은 제모로 인해 피부트러블이 생긴 분 털 없는 매끈한 피부로 개선하기 원하는 분 반영구적인 효과를 얻고 싶은 분,,,여성제모 시술시간 5~10분 마취여부 크림마취 회복시간 당일 시술효과 1~2주 후,
https://www.yeoshin.co.kr/event/mobile/11831,지방성형,지방분해,얼굴지방분해주사,"디테일디자인, 험프목살 뒷목주사",https://d3gurpvil0se70.cloudfront.net/upfiles/images/product/TiqWrqIJn0VyZ47oJFF8DrzYLNn.png?q=90&f=webp&w=1024,10.0,8.0,440000.0,433000,이오클리닉,서울특별시 강남구 학동로 415 (청담동) 청담1988빌딩 7층주소복사,얼굴지방분해주사 뒷목주사(험프목살) 디테일디자인이라는 이름에 걸맞게 섬세하고 체계적인 디자인을 통하여 뒷목의 지방을 효과적으로 분해하는 주사시술입니다. 이오클리닉의 디자인 노하우를 통해 한층 더 길어보이고 업스타일이 자신있어지는 목선을 만들어보세요. 권장주기 1~2개월 / 1~5회 시술,VAT 포함,식이요법으로도 다이어트가 어려운 분 군살 및 라인을 정리하고 싶은 분 운동할 시간이 없는 분 살이 잘 안빠지는 체질인 분,,,얼굴지방분해주사 시술시간 10분 마취여부 냉각마취 회복시간 당일 시술효과 2~3주 후,
https://www.yeoshin.co.kr/event/mobile/1813,제모,얼굴제모,수염제모,면도 NO! 인기 남성 수염 제모,https://d3gurpvil0se70.cloudfront.net/upfiles/images/product/p6dFmcL3ySJ7z0brRuVYjZEKgsB7.jpg?q=90&f=webp&w=1024,9.1,38.0,27500.0,20500,유앤아이의원(영등포점),크림마취,남성제모 #반영구적 #손상거의없이 모낭과 모근에 레이저빔을 선택적으로 조사하여 피부 손상 거의 없이 반영구적으로! #깨끗하고 #깔끔하게 굵은 털부터 얇은 털까지 제거하여 깨끗하고 깔끔해 보이는 이미지로 개선! #적은통증 #부작용DOWN 통증이 비교적 적고 자극성 피부염이나 모낭염과 같은 부작용 걱정은 DOWN! 권장주기 1개월 / 5회 이상 시술,VAT 포함,셀프제모로 인한 색소침착이 고민인 분 잦은 제모로 인해 피부트러블이 생긴 분 털 없는 매끈한 피부로 개선하기 원하는 분 반영구적인 효과를 얻고 싶은 분,,,남성제모 시술시간 5~10분 마취여부 마취없음 회복시간 당일 시술효과,
https://www.yeoshin.co.kr/event/mobile/22490,피부,필링,스피큘링,"등드름,가드름 지우개 천연 산호필",https://d3gurpvil0se70.cloudfront.net/upfiles/images/product/9p0s5W6yg9v9pdRWGF6MJzGOKGr5.jpg?q=90&f=webp&w=1024,9.7,46.0,99000.0,92000,유올림의원,서울특별시 강남구 강남대로 606 유올림의원주소복사,"스피큘링 #해초 #천연추출물 해초의 스피큘을 순하게 정제한 천연 추출물 #여드름치료 항염, 피지조절, 진정작용 등 여드름 치료에 효과적 #염증예방 피부에 항염작용을 통해 염증을 예방 및 피부 트러블 방지효과 권장주기 2~3주 / 3회 시술",VAT 포함,빠르고 간편한 시술을 원하는 분 매끈하고 깨끗한 바디 피부를 원하는 분 등과 가슴에 트러블이 자주 올라오는 분,,,스피큘링 시술시간 60분 마취여부 마취없음 회복시간 당일 시술효과 약 1주 후,
https://www.yeoshin.co.kr/event/mobile/4665,리프팅,실리프팅,실리프팅,실리프팅,https://d3gurpvil0se70.cloudfront.net/upfiles/images/product/3835589254.jpg?q=90&f=webp&w=1024,,,328900.0,321900,다이아의원,크림마취,"실리프팅 실리프팅,콜라겐생성,브이라인 식약청에서 정식 허가받은 비교적 안전한 PDO(녹는 실)라는 실을 사용하여 얼굴부위에 삽입하면 원하는 방향으로의 리프팅 효과와 피부진피층의 콜라겐을 활성, 증식시키는 역할을 하여 전체적으로 갸름한 브이라인 얼굴 형성에 도움을 주는 시술입니다. 권장주기 6개월 / 1회 시술",VAT 포함,탄력이 떨어져 처진 얼굴살을 정리하고 싶은 분 처진 피부를 리프팅하고 이중턱을 개선하고 싶은 분,,,실리프팅 시술시간 10분 마취여부 크림마취 회복시간 7일 시술효과 2~3주 후,
https://www.yeoshin.co.kr/event/mobile/9621,피부,필링,필링,"예쁜 피부 만들기, 라라필",https://d3gurpvil0se70.cloudfront.net/upfiles/images/product/jGpFDG7zRzEeodQqGRXp0Q3V9YM9.jpg?q=90&f=webp&w=1024,10.0,2.0,154000.0,147000,유앤아이피부과의원(판교점),경기도 성남시 분당구 판교로 375 유앤아이피부과의원(판교점)주소복사,,VAT 포함,,,,라라필 시술시간 20~30분 마취여부 마취없음 회복시간 당일 시술효과,
https://www.yeoshin.co.kr/event/mobile/25523,리프팅,실리프팅,실리프팅,순플러스_탄력실 무제한,https://d3gurpvil0se70.cloudfront.net/upfiles/images/product/Q3zbP8UcoKv6ml0xY7gZ5FpRTDt.jpg?q=90&f=webp&w=1024,,,430000.0,423000,순플러스성형외과의원,크림마취,,VAT 포함,,,,모노실 시술시간 20~30분 마취여부 크림마취 회복시간 약 2~3일 시술효과 1~2주 후,
https://www.yeoshin.co.kr/event/mobile/27604,리프팅,레이저리프팅,LDM,BTQ LDM 100분 패키지,https://d3gurpvil0se70.cloudfront.net/upfiles/images/product/HUWQOfDOADzlWnlj9giQYl8xovB2.jpg?q=90&f=webp&w=1024,10.0,6.0,440000.0,433000,비티큐의원,크림마취,"LDM #고밀도초음파 #콜라겐생성 고밀도 초음파가 피부에 침투해 콜라겐을 촉진 #재생효과 #촉촉보습 피부 재생과 보습 효과로 시술 후 촉촉하고 맑아보이는 피부! #자극적은 #리프팅관리 자극이 거의 없는 리프팅 관리로 여드름, 홍조 개선에도 효과적 권장주기 1주 / 10회 이상 시술",VAT 포함,"진정, 보습 효과의 스킨케어를 원하는 분 건조한 피부 때문에 화장이 잘 받지 않는 분 피부가 예민해 레이저 시술을 받을 수 없는 분 자연스러운 피부 탄력 개선이 필요한 분",시술 특장점 콜라겐을 촉진해 피부재생 콜라겐 생성을 유도해 피부재생 및 방어력을 높여주어 건강한 피부로 개선합니다. 유수분 밸런스 조절 유수분 밸런스 저하로 건조한 피부에 히알루론산 균형을 잡아줍니다. 자극이 적은 관리 시술시 적당한 온열감 정도만 느껴지며 예민한 피부에도 적용이 가능합니다.,"LDM 관리는 어떤 피부 타입에 적합한가요? 모든 피부에 가능한 관리로 염증성 피부, 아토피 피부 등 피부가 예민해서 자극적인 시술이 어려운 경우 LDM 관리를 추천드립니다. 언제부터 효과가 있나요? 개인차가 있지만 약 1~2주 안으로 효과가 나타납니다.",LDM 시술시간 20~30분 마취여부 마취없음 회복시간 당일 시술효과 1~2주 후,"주의사항 1 시술 후 음주 및 흡연을 자제해주세요. 2 시술 후 3~4일간 과격하고 무리한 운동은 자제해주세요. 3 시술 후 약 일주일간은 사우나, 찜질방 등 고온다습한 곳은 피해주세요."
https://www.yeoshin.co.kr/event/mobile/25705,리프팅,레이저리프팅,오푸스리프팅,오푸스듀얼 패키지 주름모공축소+리프팅,https://d3gurpvil0se70.cloudfront.net/upfiles/images/product/rF6uzXGbeXGhX6qeNuyDeWtSrm2.jpg?q=90&f=webp&w=1024,,,363000.0,356000,강녕한의원,경기도 안양시 동안구 관악대로 387 (관양동) 3층주소복사,"리프팅레이저 #RF니들 #주름 #모공 #흉터 RF니들은 진피층 재생을 통해 주름과 흉터 제거 및 모공을 축소합니다. #HIFU리프팅 # 턱선 # V라인HIFU리프팅은 처진 턱선과 이중턱을 개선하고 얼굴 전반의 탄력을 높입니다 #실리프팅 실리프팅은 주름이 두드러지는 부분에 시술해, 리프팅효과를 극대화합니다. 권장주기 1~3개월 / 3회 이상 시술",VAT 포함,피부의 전체적인 탄력 개선을 원하는 분 두툼한 이중턱이 고민인 분 비수술적인 방법으로 V라인을 원하는 분 넓은 모공 크기를 축소시키고 싶은 분,,,리프팅레이저 시술시간 40~60분 마취여부 크림마취 회복시간 약 3일 시술효과 2~3달 후,
https://www.yeoshin.co.kr/event/mobile/25153,리프팅,초음파리프팅,울쎄라피프라임,울쎄라피 프라임 & 써마지 FLX 리프팅,https://d3gurpvil0se70.cloudfront.net/upfiles/images/product/bVplPCOCfVmPy6kWgXl8lSzHSx7A.jpg?q=90&f=webp&w=1024,10.0,1.0,2574000.0,2567000,온리프성형외과,서울특별시 서초구 강남대로 399 온리프성형외과주소복사,,VAT 포함,,,,울쎄라피프라임 시술시간 30~60분 마취여부 크림마취 회복시간 약 1~3일 시술효과 1~2개월,
https://www.yeoshin.co.kr/event/mobile/24010,지방성형,얼굴지방흡입,이중턱지방흡입,"턱밑삭제, 이중턱 전체 지방흡입",https://d3gurpvil0se70.cloudfront.net/upfiles/images/product/XfMNGBqNeTOibuTTqyjxr8FZqor7.jpg?q=90&f=webp&w=1024,,,,990000,미나성형외과,크림마취,"지방흡입 #체형개선 #지방제거 지방흡입술은 지방이 집중적으로 축적된 부위의 지방세포를 흡입기를 사용해 제거하는 시술입니다. 주로 복부, 허벅지, 팔, 엉덩이와 같은 부위에서 시행되며, 다이어트로 개선되지 않는 부위의 지방을 제거해 매끄러운 바디라인을 만드는데 도움을 줍니다. 수술 후에는 압박복을 착용해 흡입 부위의 부기를 줄일 수 있습니다. 회복 기간 동안 약간의 통증과 멍이 발생할 수 있으며, 최종 결과는 3~6개월 후에 나타납니다. 권장주기 1년 / 1회 시술",,"비교적 간편하게 다이어트와 체형관리를 하고싶은 분 부유방, 허벅지, 뱃살 등이 고민인 분 운동할 시간이 없는 분 울퉁불퉁한 지방을 제거하고 싶은 분",,"체중 감량에도 효과가 있나요? 지방흡입술은 체형 개선이 주 목적이며, 체중 감량보다는 특정 부위의 지방 제거에 중점을 둡니다. 지방이 다시 찔 수 있나요? 제거된 지방세포는 다시 생성되지 않지만, 남은 지방세포가 커질 수 있어 유지 관리를 해야 합니다.",지방흡입 시술시간 2~3시간 마취여부 전신/수면 회복시간 1~2주 시술효과 3~6개월,주의사항 1 시술 후 2주간 압박복을 착용해야 합니다. 2 수술 후 한 달간은 격한 운동이나 사우나를 피해주세요. 3 수술 후 항생제 복용과 관리가 필요합니다.
https://www.yeoshin.co.kr/event/mobile/3588,보톡스,근육보톡스,종아리보톡스,"종아리근육축소,종아리 바디 보톡스",https://d3gurpvil0se70.cloudfront.net/upfiles/images/product/PnnaC8QGAFjoR487Jdtg0m9xzb7.jpg?q=90&f=webp&w=1024,9.1,117.0,33000.0,26000,제이필의원(강남점),서울특별시 강남구 강남대로 438 (역삼동) 스타플렉스 B1주소복사,,VAT 포함,,,,바디보톡스 시술시간 10분 마취여부 냉각마취 회복시간 3일 시술효과 1~2주 후,
https://www.yeoshin.co.kr/event/mobile/23332,리프팅,레이저리프팅,슈링크유니버스,슈링크유니버스 리프팅,https://d3gurpvil0se70.cloudfront.net/upfiles/images/product/poF94ne5MgrE8jSP3Gu9zlOlZyN2.jpg?q=90&f=webp&w=1024,8.7,7.0,49000.0,42000,유니풀의원,경기도 수원시 팔달구 권광로 204 (인계동) 202~205호 유니풀의원주소복사,슈링크유니버스 #초음파리프팅 #콜라겐재생 강한 초음파 에너지를 피부에 전달하여 콜라겐을 재생시키고 탄력을 개선하는 리프팅 #2세대슈링크 #빠른시술 #적은통증 기존 대비 2.5배 빨라진 조사 속도로 통증이 줄어든 슈링크 업그레이드 버전 #다양한부위 #세밀한리프팅 다양한 핸드피스로 굴곡진 면이나 눈가 등 세밀한 부분까지 꼼꼼한 리프팅이 가능 권장주기 1~3개월 / 3회 이상 시술,VAT 포함,피부의 전체적인 탄력 개선을 원하는 분 얼굴 라인이 매끈하지 않아 고민인 분 피부 상태 및 부위별 맞춤 리프팅을 원하는 분 꼼꼼한 리프팅을 원하는 분,,,슈링크유니버스 시술시간 30~40분 마취여부 크림마취 회복시간 약 3일 시술효과 1~2개월,
https://www.yeoshin.co.kr/event/mobile/26665,보톡스,주름보톡스,스킨보톡스,스킨보톡스로 동안피부 리프팅,https://d3gurpvil0se70.cloudfront.net/upfiles/images/product/N0jWsPMgkUH9GRQzoZvaa8agCBw2.jpg?q=90&f=webp&w=1024,,,66000.0,59000,제이필의원(홍대점),크림마취,,VAT 포함,,,,스킨보톡스 시술시간 30분 마취여부 냉각마취 회복시간 3일 시술효과 1~2주 후,
https://www.yeoshin.co.kr/event/mobile/24119,피부,피부레이저,골드PTT,여드름관리 압출/블랙필/카프리/골드PTT,https://d3gurpvil0se70.cloudfront.net/upfiles/images/product/EM2by0L2hBaLb0fECvyGAf8kGlL7.jpg?q=90&f=webp&w=1024,9.7,88.0,85000.0,78000,포레웰의원,크림마취,"여드름관리 #블랙필#여드름개선 #항염필링 흑미의 발효 과정을 거쳐 생산된 아미노산 및 다양한 유기성분이 풍부하게 함유 되어있는 천연 발효 흑초를 기초로하여 피부 영양 공급과 동시에 각질 제거 및 염증성 여드름 치료에 효과적인 필링 #골드PTT #피지분비억제#여드름균살균 여드름균에대한 살균효과과 증명된 골드 나노 입자를 사용, 150nm 크기의 골드 나노 입자가 모공 속으로 침투 하여 진피 속 피지선 표적에 집중, 효과적으로 여드름 원인을 개선 #카프리레이져#복합파장 #여드름균억제 1450nm 파장의 다이오드 레이저가 피지 분비를 줄이고 피지샘 염증을 완화시켜주고, 400nm 파장의 블루라이트 레이저가 여드름균의 증식을 억제합니다. 진피의 콜라겐 생성을 유도하여 모공 치료까지 효과적! 권장주기 1~2주 / 3~5회 이상 시술",VAT 포함,피지를 조절하여 여드름을 개선하고 싶은 분 피부 재생과 여드름 치료 효과를 동시에 원하는 분 장기간 여드름을 억제시키고 싶은 분 시술시 통증에 대한 두려움이 큰 분,,,여드름관리 시술시간 30~90분 마취여부 마취없음 회복시간 당일 시술효과 약 3일 후,
https://www.yeoshin.co.kr/event/mobile/26189,리프팅,레이저리프팅,울쎄라리프팅,리드 울쎄라,https://d3gurpvil0se70.cloudfront.net/upfiles/images/product/u3KChGw52oShLV1XoHvc2JpXhjD9.jpg?q=90&f=webp&w=1024,,,350000.0,343000,리드성형외과의원,크림마취,,VAT 포함,,,,울쎄라 시술시간 30~60분 마취여부 크림마취 회복시간 약 1주 시술효과 4~8주 후,
https://www.yeoshin.co.kr/event/mobile/26134,리프팅,레이저리프팅,슈링크유니버스,유앤아이 슈링크 유니버스 리프팅,https://d3gurpvil0se70.cloudfront.net/upfiles/images/product/j6r2EvElOBMQhlSmwu0F4CYNzZb3.jpg?q=90&f=webp&w=1024,10.0,1.0,97900.0,90900,유앤아이의원(과천점),경기도 과천시 과천대로 111 (갈현동) 과천 렉서 2층주소복사,,VAT 포함,,,,슈링크유니버스 시술시간 30~40분 마취여부 크림마취 회복시간 약 3일 시술효과 1~2개월,
https://www.yeoshin.co.kr/event/mobile/27350,제모,얼굴제모,턱제모,인기 여성 제모 모음,https://d3gurpvil0se70.cloudfront.net/upfiles/images/product/isNPp77M5MFvh8V5vEmAcQC7eBh5.jpg?q=90&f=webp&w=1024,7.0,1.0,7700.0,4300,유앤아이의원(창동점),서울특별시 도봉구 마들로11길 51 (창동) 4층주소복사,여성제모 #반영구적 #손상거의없이 모낭과 모근에 레이저빔을 선택적으로 조사하여 피부 손상 거의 없이 반영구적으로! #깨끗하고 #깔끔하게 굵은 털부터 얇은 털까지 제거하여 깨끗하고 깔끔해 보이는 이미지로 개선! #적은통증 #부작용DOWN 통증이 비교적 적고 자극성 피부염이나 모낭염과 같은 부작용 걱정은 DOWN! 권장주기 1개월 / 5회 이상 시술,VAT 포함,셀프제모로 인한 색소침착이 고민인 분 잦은 제모로 인해 피부트러블이 생긴 분 털 없는 매끈한 피부로 개선하기 원하는 분 반영구적인 효과를 얻고 싶은 분,,,여성제모 시술시간 5~10분 마취여부 마취없음 회복시간 당일 시술효과 1~2주 후,
https://www.yeoshin.co.kr/event/mobile/26706,피부,스킨부스터,물광주사,릴리이드M 물광주사로 스킨부스팅,https://d3gurpvil0se70.cloudfront.net/upfiles/images/product/9S8PzWDEiWnbQXxalLuGsIfQrnE.jpg?q=90&f=webp&w=1024,,,99000.0,92000,제이필의원(홍대점),크림마취,,VAT 포함,,,,릴리이드 시술시간 40~60분 마취여부 크림마취 회복시간 당일 시술효과 1주 후,
https://www.yeoshin.co.kr/event/mobile/25847,리프팅,실리프팅,실리프팅,이중턱묶기,https://d3gurpvil0se70.cloudfront.net/upfiles/images/product/JTHBc1RISow5uYK03NzPwvBwYBv7.png?q=90&f=webp&w=1024,,,,653000,베르미의원/한의원,서울특별시 강남구 영동대로 722 (청담동) 풍양빌딩 2층 (청담동) 주소복사,실리프팅 #녹는실 #라인개선 녹는실을 얼굴 부위에 삽입하여 잔주름과 얼굴 라인 개선을 동시에! #즉각적 #리프팅 비수술적인 방법으로 즉각적이고 높은 리프팅 효과 권장주기 6개월 / 1회 시술,,잔주름 깊은 주름으로 고민하시는 분 비수술적인 리프팅 시술을 원하는 분 탄력이 떨어져 처진 얼굴살을 정리하고 싶은 분 시술 결과가 비교적 오래 유지되길 원하는 분,시술 특장점 즉각적인 효과 실을 이용한 리프팅으로 즉각적인 효과를 기대할 수 있습니다. 의료용 녹는 실 사용 체내에서 분해되는 실으로 부담이 적습니다. V라인과 주름 개선 처진 피부를 당겨 잔주름과 얼굴 라인을 개선하는 효과가 있습니다.,시술 후 메이크업이 가능한가요? 시술 후 간단한 메이크업은 가능합니다. 시술 시 통증은 어느 정도인가요? 따끔한 정도의 통증은 발생하며 시술부위 및 예민한 정도에 따라 다르게 느껴질 수 있습니다.,실리프팅 시술시간 40분 마취여부 국소마취 회복시간 약 7일 시술효과 2~3주 후,"주의사항 1 음주, 흡연은 2주 정도 금해주세요. 2 시술 부위를 강하게 마사지하거나 누르지 말아주세요. 3 3~4일간 과격하고 무리한 운동은 자제해주세요."
https://www.yeoshin.co.kr/event/mobile/23526,피부,필링,필링,"피부가 예민할수록, 예스필이 정답입니다.",https://d3gurpvil0se70.cloudfront.net/upfiles/images/product/H5CioqSmGJxk5SaGwICB08P731w2.jpg?q=90&f=webp&w=1024,9.5,2.0,99000.0,92000,청담르벨의원,서울특별시 강남구 선릉로 756 (청담동) 대성빌딩 3층주소복사,,VAT 포함,,,,필링 시술시간 30~60분 마취여부 마취없음 회복시간 당일 시술효과 약 1주 후,
https://www.yeoshin.co.kr/event/mobile/17616,피부,스킨부스터,엑소좀,홍대 포레나 크리스탈 엑소좀,https://d3gurpvil0se70.cloudfront.net/upfiles/images/product/klbULm9RPwgHRC067bjzkiK7ZBY3.jpg?q=90&f=webp&w=1024,,,319000.0,312000,포레나의원,크림마취,,VAT 포함,,,,엑소좀 시술시간 30~60분 마취여부 크림마취 회복시간 약 3일 시술효과 1~2주 후,
https://www.yeoshin.co.kr/event/mobile/23064,피부,피부레이저,클라리티,클라리티 여성 브라질리언 제모,https://d3gurpvil0se70.cloudfront.net/upfiles/images/product/bnQ40hFLume1CN4U1X9iBjVfmXA5.jpg?q=90&f=webp&w=1024,9.4,7.0,55000.0,48000,워너비의원,크림마취,여성제모 #반영구적 #손상거의없이 모낭과 모근에 레이저빔을 선택적으로 조사하여 피부 손상 거의 없이 반영구적으로! #깨끗하고 #깔끔하게 굵은 털부터 얇은 털까지 제거하여 깨끗하고 깔끔해 보이는 이미지로 개선! #적은통증 #부작용DOWN 통증이 비교적 적고 자극성 피부염이나 모낭염과 같은 부작용 걱정은 DOWN! 권장주기 1개월 / 5회 이상 시술,VAT 포함,셀프제모로 인한 색소침착이 고민인 분 잦은 제모로 인해 피부트러블이 생긴 분 털 없는 매끈한 피부로 개선하기 원하는 분 반영구적인 효과를 얻고 싶은 분,,,여성제모 시술시간 5~10분 마취여부 마취없음 회복시간 당일 시술효과 1~2주 후,
https://www.yeoshin.co.kr/event/mobile/18463,피부,필링,필링,피부과전문의/여드름유산균필링,https://d3gurpvil0se70.cloudfront.net/upfiles/images/product/s0khgOPRooJReHRoVjv9Y5jztMP2.jpg?q=90&f=webp&w=1024,,,330000.0,323000,페이브피부과의원(용산),"서울특별시 용산구 한강대로 69 (한강로2가, 용산푸르지오써밋) 페이브피부과의원주소복사","여드름레이저 #유산균케어 #피지조절 #여드름개선 유산균 앰플 침투로 피지선 파괴하여 피지 분비를 줄여주고 여드름 재발률 DOWN #여드름개선 #콜라겐생성 여드름을 개선시켜 전반적으로 깔끔한 피부 완성 #항염 #민감성여드름 #여드름진정 피부에 자극이 없는 유산균 앰플 침투로 민감성 여드름피부 개선, 항염 권장주기 1주 / 3~5회 시술",VAT 포함,"피지를 조절하여 여드름을 개선하고 싶은 분 피부 재생과 여드름 치료 효과를 동시에 원하는 분 피지가 많아 여드름, 트러블이 자주 발생하는 분 염증을 감소시키고 흉터를 예방하고 싶은 분","시술 특장점 피지 분비 감소 주된 원인인 피지선에 직접 작용하여 피지 분비를 감소시키고 여드름을 개선합니다. 즉각적인 진정 항염작용 피부에 자극이 없는 유산균 앰플 침투로 민감성 여드름피부 개선, 항염",시술 후 주의할 점이 있나요? 시술 후 피부가 건조해질 수 있으니 수분 보충에 유의해주시고 외출시 반드시 선크림을 사용해주세요. 시술시 부작용이 있나요? 시술 후에는 얼굴이 따갑고 화끈거릴 수 있으나 개인에 따라 차이가 있을 수 있습니다.,여드름레이저 시술시간 60분 마취여부 없음 회복시간 약 1~2일 시술효과 1~2주 후,"주의사항 1 열감, 붉은 기, 붓기 등은 1~2일 정도 지속될 수 있습니다. 2 알콜 성분이 들어있는 토너나 화장품은 당분간 사용을 중단해주세요. 3 보습제와 재생크림을 자주 사용해주세요. 4 외출시 선크림을 반드시 바르는 것이 좋습니다. 5 시술 후 생기는 딱지는 자연스럽게 탈락되도록 해주세요."
https://www.yeoshin.co.kr/event/mobile/23033,리프팅,레이저리프팅,이래비티,질건조+질타이트닝 엘리바바(TT + VT),https://d3gurpvil0se70.cloudfront.net/upfiles/images/product/94OXZpv94oyQ99NUOkHEit6u9LY4.jpg?q=90&f=webp&w=1024,10.0,1.0,700000.0,693000,연세이롬산부인과의원,수면마취,외음부레이저 #콜라겐형성 #건조증완화 레이저가 콜라겐 형성을 도와 질벽의 탄력과 질 건조증 완화 #비수술적 #치료 출혈과 통증이 거의 없는 비수술적 치료로 회복 시간 Down! 권장주기 3~4주 / 3회 시술,VAT 포함,질이 건조해져 고통을 느끼는 분 질 이완 증상이 고민인 분 질타이트닝을 원하지만 수술적 방법은 부담스러운 분 다양한 여성 고민을 개선하고 싶은 분,,,외음부레이저 시술시간 50~60분 마취여부 마취없음 회복시간 당일 시술효과 1개월 후,
https://www.yeoshin.co.kr/event/mobile/18295,제모,바디제모,항문제모,여성 브라질리언+항문 제모 5회,https://d3gurpvil0se70.cloudfront.net/upfiles/images/product/zKybMTDsmigu8tzlTA7MZSCwuQc1.png?q=90&f=webp&w=1024,9.0,2.0,429000.0,422000,다이아의원,크림마취,여성제모 #후기 좋은 다이아의원의 깔끔제모 전 시술 모두 효과 좋은 아포지 플러스 제모 기기를 사용합니다. #깨끗하고 #깔끔하게 굵은 털부터 얇은 털까지 제거하여 깨끗하고 깔끔해 보이는 이미지로 개선! #적은통증 #부작용DOWN 통증이 비교적 적고 자극성 피부염이나 모낭염과 같은 부작용 걱정은 DOWN! 권장주기 1개월 / 5회 이상 시술,VAT 포함,셀프제모로 인한 색소침착이 고민인 분 잦은 제모로 인해 피부트러블이 생긴 분 털 없는 매끈한 피부로 개선하기 원하는 분 반영구적인 효과를 얻고 싶은 분,,,여성제모 시술시간 5~10분 마취여부 마취없음 회복시간 당일 시술효과 1~2주후,
https://www.yeoshin.co.kr/event/mobile/3830,보톡스,근육보톡스,사각턱보톡스,사각턱보톡스,https://d3gurpvil0se70.cloudfront.net/upfiles/images/product/3057797332.jpg?q=90&f=webp&w=1024,8.5,2.0,55000.0,48000,에스와이(SY)성형외과의원,"서울특별시 서초구 강남대로 535 (반포동) 9층(반포동, 프린스빌딩)주소복사",사각턱보톡스 #근육축소 근육의 움직임을 일정시간 마비시켜 근육 축소에 효과적 #사각턱개선 #매끈라인 저작근의 발달으로 사각턱으로 보여지는 얼굴라인을 매끄럽게 개선 #비대칭개선 양측 저작근 부피 차이로 인한 안면 윤곽 비대칭을 개선 권장주기 6개월 / 1회 시술,VAT 포함,이갈이가 심해 고민인 분 딱딱한 음식을 씹는 습관으로 사각턱이 발달하신 분 양측 안면 윤곽이 비대칭이어서 고민인 분,,시술시 부작용이 있나요? 보톡스는 비교적 간단한 시술로 부작용이 거의 없으나 개인마다 간지럼증이나 두드러기 반응이 있을 수 있습니다. 시술후 일상생활이 가능한가요? 시술후 세안및 화장은 2시간뒤부터 가능합니다,사각턱보톡스 시술시간 10분 마취여부 크림마취 회복시간 3일 시술효과 1~2주 후,"주의사항 1 시술 후, 음주 및 흡연을 자제해주세요. 2 시술 부위를 강하게 마사지하거나 누르지 말아주세요 3 일주일동안 고온다습한 사우나, 찜질방 등은 피해주세요."
https://www.yeoshin.co.kr/event/mobile/25984,제모,얼굴제모,수염제모,남자 수염 제모 (마취포함/모낭염예방),https://d3gurpvil0se70.cloudfront.net/upfiles/images/product/weFk8sGPxnN1o80RhYfbXD08O01A.jpg?q=90&f=webp&w=1024,9.0,2.0,,13000,메이린의원(성수점),크림마취,"남성제모 #레이저전문 #표피손상없이 #깔끔 낭과 모근에 레이저빔을 선택적으로 조사하여 표피 손상과 색소침착 없이 효과적인 제모 시술입니다. 10년 노하우를 담아 정확하게 모낭과 모근을 타겟하는 파라미터 세팅을 이용합니다. 시술이 까다로운 굵은털까지 OK! #반영구 굵은 털은 장파장을 사용해야 하기 때문에 강한 에너지의 레이저가 조사됩니다. 깨끗하고 깔끔한 이미지로 탈바꿈 가능합니다. #통증DOWN #부작용DOWN #효과UP 탑재된 쿨링시스템으로 통증과 부작용을 최소화 하고, 효과는 높였습니다. 권장주기 1개월 / 5~10회 이상 시술",,셀프제모로 인한 색소침착이 고민인 분 잦은 제모로 인해 피부트러블이 생긴 분 털 없는 매끈한 피부로 개선하기 원하는 분 반영구적인 효과를 얻고 싶은 분,"시술 특장점 반영구적 효과 및 매끈한 피부 5~10회 제모 후 털이 거의 자라지 않아 매일 제모하는 번거로움이 없습니다. 털의 빈 공간에 주변 세포가 차오르고 모공 수축 효과로 피부가 부드러워집니다. 1인실, 여의사 및 남의사, 전용가운, 효과UP 편안한 시술을 위한 제모전용룸에서 진행되며, 타겟 레이저 치료로 효과를 높였습니다. 마취크림과 진정크림 서비스 시술 부위 특성 상 통증 감소를 위해 마취크림 도포 서비스 진행되며, 시술 후 모낭염 발생 예방을 위해 진정크림 도포 서비스 포함됩니다.","제모하기 전 준비해야할 부분이 있나요? 시술 1~2일 전 시술 부위를 쉐이빙(면도)한 후에 내원하시기 바랍니다. 레이저제모를 받으면 바로 모가 사라지나요? 레이저 제모를 하게 되면 모와 모낭, 모근에 열에너지가 가해지고, 그로 인해 모가 소작되며 소작된 모는 1~2주에 걸쳐 스스로 빠지게 됩니다.",남성제모 시술시간 5~10분 마취여부 크림마취 포함 회복시간 당일 시술효과,"주의사항 1 1~2일 정도는 붉은 기, 약간의 붓기가 있으나 자연 회복됩니다. 2 당일 화장, 세안, 샤워가 가능합니다. 3 사우나, 찜질방, 수영장 출입은 일주일 가량 피해주시기 바랍니다."
https://www.yeoshin.co.kr/event/mobile/27076,코성형,코재수술,코재수술,유노 리버스 코재수술,https://d3gurpvil0se70.cloudfront.net/upfiles/images/product/33IdObPKNvIZLihwEiRJje2FaSI4.jpg?q=90&f=webp&w=1024,,,,2739000,유노성형외과,서울특별시 서초구 서초대로77길 54 (서초동) W타워9층주소복사,,,,,,코재수술 시술시간 2~4시간 마취여부 전신/수면 회복시간 1~2주 시술효과 3~6개월,
https://www.yeoshin.co.kr/event/mobile/17582,피부,피부레이저,에토좀PTT,여드름 개선! 에토좀PTT,https://d3gurpvil0se70.cloudfront.net/upfiles/images/product/gP9N8PIrlolHq154PaSOur91egnA.png?q=90&f=webp&w=1024,9.9,22.0,165000.0,158000,CnB맑고고운본점피부과(주안),인천광역시 미추홀구 미추홀대로 610 (주안동) 현대메디컬프라자 3층주소복사,여드름레이저 #피지조절 #여드름개선 피지선을 파괴하여 피지 분비를 줄여주고 여드름 재발률 DOWN #모공개선 #콜라겐생성 콜라겐 생성을 유도해 전체적인 탄력을 주어 모공축소에도 효과적 권장주기 1~2주 / 5~10회 시술,VAT 포함,"피지를 조절하여 여드름을 개선하고 싶은 분 피부 재생과 여드름 치료 효과를 동시에 원하는 분 피지가 많아 여드름, 트러블이 자주 발생하는 분 염증을 감소시키고 흉터를 예방하고 싶은 분",,,여드름레이저 시술시간 60~90분 마취여부 마취없음 회복시간 약 1~2일 시술효과 1~2주 후,
https://www.yeoshin.co.kr/event/mobile/22161,지방성형,바디지방흡입,복부지방흡입,피팅_복부지방흡입,https://d3gurpvil0se70.cloudfront.net/upfiles/images/product/RVQewb0JQqY0qZsoeKIlYprV0613.png?q=90&f=webp&w=1024,,,,605000,피팅의원,수면마취,,,,,,지방흡입 시술시간 1~2시간 마취여부 수면마취 회복시간 1~2주 시술효과 유동적,
https://www.yeoshin.co.kr/event/mobile/13710,보톡스,주름보톡스,미간보톡스,자연스럽게 동안되기,https://d3gurpvil0se70.cloudfront.net/upfiles/images/product/ILIZIMOrTPtsrQkPjYynjsC0geP4.png?q=90&f=webp&w=1024,9.7,7.0,42900.0,35900,청담엘의원,인천광역시 부평구 부평문화로 55 청담엘의원주소복사,"주름보톡스 #주름예방 #습관교정 표정 주름을 만드는 근육을 마비시켜 근육 사용 습관 교정 및 주름 예방에 효과적 #미세주름개선 미세 주름이 많은 미간, 이마, 눈가 등에 주사하여 전체적인 주름을 개선 권장주기 4~6개월 / 1회 시술",VAT 포함,얼굴의 주름을 자연스럽게 개선하고 싶은 분 눈가의 잔주름 개선을 원하는 분 탄력없는 피부와 잔주름이 고민인 분 잔주름을 개선하고 싶은 분,,,주름보톡스 시술시간 10분 마취여부 크림마취 회복시간 3일 시술효과 1~2주 후,
https://www.yeoshin.co.kr/event/mobile/23622,리프팅,레이저리프팅,볼뉴머리프팅,볼뉴머 리프팅,https://d3gurpvil0se70.cloudfront.net/upfiles/images/product/C2xk1wcjYkVW8v0ryH5GJPDadI58.png?q=90&f=webp&w=1024,,,174000.0,167000,빛담은한의원,크림마취,볼뉴머 #4가지팁 #다양한시술부위 4가지 크기의 시술팁으로 다양한 부위에 시술 가능 #효과UP #자극DOWN 쿨링과 진동 시스템으로 효과는 강화하고 피부 자극은 최소화 권장주기 1~2개월 / 3~5회 시술,VAT 포함,"잔주름이나 리프팅에 관심있는 분 꼼꼼한 리프팅을 원하는 분 팔자/미간 주름, 잔주름, 이중턱 등이 고민인 분 리프팅 시술이 하고싶지만 통증이 두려운 분","시술 특장점 굴곡진 라인까지 섬세하게 4가지 시술 팁으로 이마, 눈가, 볼 등 굴곡진 부위에도 시술이 가능합니다. 단극성 고주파로 탱탱하게 단극성 고주파 열에너지를 피부 속에 전달하여 탄력적인 피부로 개선합니다.","시술 시 아프진 않을까요? 볼뉴머는 쿨링시스템으로 적은 통증으로 보다 편안하게 리프팅 시술이 가능합니다. 어느 부위에 받을 수 있나요? 탄력과 잔주름개선이 필요한 팔자, 이마, 미간주름, 눈가, 볼 등 얼굴 전체에 받을 수 있습니다.",볼뉴머 시술시간 50-60분 마취여부 마취없음 회복시간 당일 시술효과 1-2달 후,"주의사항 1 열을 이용하는 고주파 시술로 홍조 증상이 있을 수 있습니다. 2 시술 후 음주, 흡연은 1주일 정도 피해주세요. 3 시술 후 건조해진 피부 보습에 신경써주세요."
https://www.yeoshin.co.kr/event/mobile/17404,제모,바디제모,겨드랑이제모,여성제모_겨드랑이/인중/얼굴전체,https://d3gurpvil0se70.cloudfront.net/upfiles/images/product/MIEgzQsQot78bLDIXcKnlVKL5G55.jpg?q=90&f=webp&w=1024,9.3,151.0,2700.0,1500,블리비의원(명동점),,여성제모 #반영구적 #손상거의없이 모낭과 모근에 레이저빔을 선택적으로 조사하여 피부 손상 거의 없이 반영구적으로! #깨끗하고 #깔끔하게 굵은 털부터 얇은 털까지 제거하여 깨끗하고 깔끔해 보이는 이미지로 개선! #적은통증 #부작용DOWN 통증이 비교적 적고 자극성 피부염이나 모낭염과 같은 부작용 걱정은 DOWN! 권장주기 1개월 / 5회 이상 시술,VAT 포함,셀프제모로 인한 색소침착이 고민인 분 잦은 제모로 인해 피부트러블이 생긴 분 털 없는 매끈한 피부로 개선하기 원하는 분 반영구적인 효과를 얻고 싶은 분,,,여성제모 시술시간 5~10분 마취여부 마취없음 회복시간 당일 시술효과 1~2주 후,
https://www.yeoshin.co.kr/event/mobile/568,리프팅,레이저리프팅,슈링크리프팅,슈링크 유니버스,https://d3gurpvil0se70.cloudfront.net/upfiles/images/product/35812278.jpg?q=90&f=webp&w=1024,9.4,30.0,42900.0,35900,다이아의원,크림마취,,VAT 포함,,,,슈링크유니버스 시술시간 20분 마취여부 크림마취 회복시간 3일 시술효과 1~2달 후,
https://www.yeoshin.co.kr/event/mobile/24366,리프팅,레이저리프팅,슈링크리프팅,탄력리프팅 슈링크,https://d3gurpvil0se70.cloudfront.net/upfiles/images/product/vskuluD7HT5GNvjbWMvnOWlGWB58.jpg?q=90&f=webp&w=1024,,,55000.0,48000,한가온한방병원(강릉점),크림마취,슈링크 #고강도초음파 #피부조직수축 피부 속 일정 깊이에 고강도 초음파를 이용하여 열 응고점을 만들어 피부 수축 #근막층도달 #강력한리프팅 피부 속 깊은 근막층까지 에너지를 도달시켜 피부를 강하게 당겨주는 리프팅 #콜라겐촉진 #피부건강회복 콜라겐 생성을 촉진시키고 수분을 끌어올려 건강하고 탄력있는 피부로 회복 권장주기 1~3개월 / 3회 이상 시술,VAT 포함,늘어지고 처진 피부의 리프팅을 원하는 분 잔주름을 개선하고 싶은 분 피부 타이트닝 효과를 얻고 싶은 분 자연스러운 V라인을 원하는 분,,,슈링크 시술시간 20~40분 마취여부 크림마취 회복시간 약 3일 시술효과 2개월 후,
https://www.yeoshin.co.kr/event/mobile/24116,피부,피부주사,콜라겐주사,리얼콜라겐 엘라비에 리투오 + LDM,https://d3gurpvil0se70.cloudfront.net/upfiles/images/product/Ms2LtGLsMqM3bMT7LlrtehPAtnK7.jpg?q=90&f=webp&w=1024,9.4,8.0,600000.0,593000,포레웰의원,크림마취,,VAT 포함,,,,엘라비에리투오 시술시간 50분 마취여부 크림마취 회복시간 약 3일 시술효과 1~2주 후,
https://www.yeoshin.co.kr/event/mobile/27012,피부,피부레이저,레이저토닝,"레이저토닝 1회(선릉,선정릉,강남)",https://d3gurpvil0se70.cloudfront.net/upfiles/images/product/Jn9TXeatOTA5Ss3EFYEphwmPqUc6.jpg?q=90&f=webp&w=1024,,,,33000,자연재생한의원,크림마취,"레이저토닝 #선택적파괴 피부 속 깊은 진피층의 멜라닌 색소를 선택적으로 파괴 #색소치료 악성기미, 오타모반, 반점, 주근깨, 잡티를 효과적으로 치료 피부결, 모공, 잔주름 개선 #맑은피부로개선 얼룩덜룩하고 균일하지 않은 피부톤을 맑고 환하게 개선 권장주기 1~2주 / 5~10회 시술",,기미나 잡티로 인한 얼룩덜룩한 피부가 고민인 분 울긋불긋한 여드름 자국이 고민인 분 환한 피부톤을 원하는 분 칙칙한 피부톤과 늘어진 모공을 개선하고 싶은 분,시술 특장점 색소 기미 개선 색소와 기미 개선에 효과적입니다. 딱지 거의 없는 시술 진피층에 반응하여 딱지가 생길 가능성이 낮은편입니다. 멜라닌 색소만 선택적 파괴 멜라닌 색소에만 선택적으로 작용해 피부 표면에 대한 손상이 거의 없습니다.,레이저토닝의 시술은 아픈가요? 레이저토닝은 마취없이도 시술이 가능하며 높은 출력의 레이저 빔을 짧은 시간동안 조사하므로 열손상이 낮아져 시술시 통증이 적습니다. 레이저 시술 후 딱지가 생길 수 있나요? 레이저토닝은 주로 피부 깊은 곳 진피층에 반응하므로 딱지가 생길 가능성은 낮은 편입니다. 만약 딱지가 생기더라도 수일 내 자연 탈락됩니다.,레이저토닝 시술시간 30~60분 마취여부 마취없음 회복시간 약 1~2일 시술효과 1~2주 후,"주의사항 1 자외선 차단제를 꼼꼼하게 발라주세요. 2 비타민C가 풍부한 음식물을 섭취하는 것이 좋습니다. 3 진정, 미백작용이 있는 팩이나 마스크를 주기적으로 해줍니다."
https://www.yeoshin.co.kr/event/mobile/12507,보톡스,근육보톡스,팔뚝보톡스,"종아리,허벅지,승모근,팔뚝 보톡스",https://d3gurpvil0se70.cloudfront.net/upfiles/images/product/Q2KVBNaP2NtMd1uKaTfas0B0ttK4.jpg?q=90&f=webp&w=1024,9.7,298.0,97900.0,90900,연세셀즈의원,크림마취,,VAT 포함,,,,바디보톡스 시술시간 10분 마취여부 냉각마취 회복시간 3일 시술효과 3~4주후,
https://www.yeoshin.co.kr/event/mobile/15787,피부,피부레이저,듀얼토닝,아이콘 듀얼토닝,https://d3gurpvil0se70.cloudfront.net/upfiles/images/product/uLehpWWKJ3Tel5GNFQRh15PGOZK7.jpg?q=90&f=webp&w=1024,,,1050000.0,1043000,아이콘성형외과,"서울특별시 강남구 논현로 841 (신사동) 5층(신사동, JBMISO 501, 502호)주소복사",,VAT 포함,,,,듀얼토닝 시술시간 90분 마취여부 마취없음 회복시간 당일 시술효과 개인별 상이,
https://www.yeoshin.co.kr/event/mobile/26533,지방성형,바디지방흡입,복부지방흡입,일공공 미니복부 허벅지 지방흡입,https://d3gurpvil0se70.cloudfront.net/upfiles/images/product/vBD2tplmbagev2KWspY9zTEbz823.jpeg?q=90&f=webp&w=1024,,,,660000,일공공성형외과의원,크림마취,,,,,,지방흡입 시술시간 2~3시간 마취여부 수면마취 회복시간 1~2주 시술효과 3~6개월,
https://www.yeoshin.co.kr/event/mobile/19214,피부,필링,필링,쥬베룩,https://d3gurpvil0se70.cloudfront.net/upfiles/images/product/FXsXQ5ncXJz423uLY1Q8pugRFW87.png?q=90&f=webp&w=1024,10.0,1.0,350000.0,343000,삼성필의원(시흥),,쥬베룩 #PLA #HA 고분자 PLA와 HA 성분을 결합시킨 자가조직재생 콜라겐 부스터 #자가콜라겐 자가 콜라겐 생성을 촉진하여 시간이 지날수록 자연스럽게 개선되는 피부 탄력 # FDA #KFDA 미국 FDA와 한국식약처 KFDA 승인으로 안전성UP! 권장주기 4주 / 3회 이상 시술,VAT 포함,여드름 흉터가 고민인 분 탄력없는 피부와 잔주름이 고민인 분 피부의 유수분 밸런스를 조절하고 싶은 분 피부 탄력과 볼륨을 동시에 개선하고 싶은 분,시술 특장점 자가 콜라겐 재생 촉진 자가 콜라겐 재생촉진으로 시간이 지날수록 자연스러운 효과를 기대할 수 있습니다. 탄력있는 피부로 개선 피부 재생능력을 활성화시켜 탄력있고 건강한 피부로 개선합니다.,"쥬베룩만의 장점이 있나요? 히알루론산과 PLA성분으로 자가콜라겐이 생성되어 자연스러운 볼륨감 및 여드름 흉터 개선에 도움이 됩니다. 시술 후 일상생활이 가능한가요? 시술 후 약1~2일 정도 약간의 붉음증이 있을 수 있으며, 빠른 일상생활이 가능합니다.",쥬베룩 시술시간 40~60분 마취여부 크림마취 회복시간 약 1~2일 시술효과 1~2주 내,"주의사항 1 시술 후 1~2주 동안 찜질방, 사우나 이용을 피해주세요. 2 시술 직후 엠보싱은 7일 이내로 가라앉습니다. 3 시술 부위를 강하게 마사지 하거나 누르지 말아주세요. 4 시술 후 음주를 자제해주세요."
https://www.yeoshin.co.kr/event/mobile/18502,필러,얼굴필러,코필러,무제한 코필러,https://d3gurpvil0se70.cloudfront.net/upfiles/images/product/wReLcKHZWS4eyfHBOIpVy93Yp4wA.jpg?q=90&f=webp&w=1024,,,165000.0,158000,핑슬림의원,서울특별시 서초구 강남대로 212 (양재동) 보은빌딩 8층 주소복사,코필러 #윤곽개선 모양 개선이 필요한 부위에 히알루론산 성분의 필러를 주입하여 고민 부위를 개선 #콧대개선 #세련된인상 콧대나 코끝 부위에 주입해 채워 날렵하고 세련된 인상으로 개선 #비수술적 #자연스러움 비수술적인 방법으로 자연스러운 볼륨감 기대 권장주기 1년 / 1회 시술,VAT 포함,콧대를 또렷하게 만들고 싶은 분 낮은 콧대나 주저앉은 코끝이 고민인 분 전체적인 코의 형태가 마음에 들지 않아 고민인 분 비수술적으로 코 모양을 개선하고 싶은 분,시술 특장점 세련된 인상으로 개선 콧대를 날렵하게 개선하여 세련된 인상으로 만들 수 있습니다. 비수술적 방법 비수술적 방법으로 고민을 개선할 수 있습니다. 매부리코 교정 낮은 콧대 뿐 아니라 뭉툭한 코나 매부리코 또한 코필러로 교정이 가능합니다.,효과는 얼마나 지속되나요? 약간의 개인차가 있을 수 있으나 보통 6개월~1년정도 유지가 됩니다. 시술이 아프지 않나요? 주사바늘이 들어가는 정도의 통증이라고 보시면 됩니다. 시술 전 마취를 하는데 마취시 통증이 있지만 필러 시술시 큰 통증은 거의 없는 편입니다.,코필러 시술시간 20~40분 마취여부 크림마취 회복시간 약 7일 시술효과 약 3일 후,주의사항 1 시술 후 음주 및 흡연을 자제해주세요. 2 시술 부위를 강하게 마사지하거나 누르지 말아주세요. 3 부기나 멍은 수일 내에 자연스럽게 없어집니다.
https://www.yeoshin.co.kr/event/mobile/5500,피부,스킨부스터,리쥬란힐러,피부재생 리쥬란,https://d3gurpvil0se70.cloudfront.net/upfiles/images/product/8YaiX3ga9yZZpbm2vkO1JcxGw3U1.jpg?q=90&f=webp&w=1024,9.6,36.0,253000.0,246000,데이원의원(강남역점),서울시 서초구 강남대로 423 데이원의원(강남역점)주소복사,"리쥬란힐러 #피부재생 #스킨부스터 피부의 DNA를 이루는 폴리뉴클레오티드(PN)를 진피층에 주사하는 시술 #피부환경개선 #건강한피부 노화나 자외선 등 다양한 피부 자극으로부터 피부 속 환경을 개선 #주름개선 #콜라겐재생 콜라겐 재생, 섬유아세포 증식 촉진 등으로 주름을 완화시키고 피부 구조를 개선",VAT 포함,촉촉하고 수분감 있는 피부를 원하는 분 자연스러운 광채효과를 원하는 분 잔주름 때문에 나이가 더 들어보이는 분 피부의 유수분 밸런스를 조절하고 싶은 분,,,리쥬란힐러 시술시간 30분 마취여부 크림마취 회복시간 3일 시술효과 1~2주 후,
https://www.yeoshin.co.kr/event/mobile/25466,피부,스킨부스터,릴리이드,스킨보톡스+릴리이드M 물광,https://d3gurpvil0se70.cloudfront.net/upfiles/images/product/msBxsSlM0vkVHPdak2Jk2F8oDnT4.jpg?q=90&f=webp&w=1024,,,400000.0,393000,파스텔휴먼피부과의원(왕십리),크림마취,"스킨보톡스 #더모톡신 #피부층주사 #물광주사 일반 근육층에 주사하는 보톡스와 달리 보툴리늄 독소를 피부 진피층에 주사 피부속에 히알루론산 보충으로 물광보충 #피부개선 #잔주름개선 #속건조 개선 잔주름, 탄력, 피부결 등 노화로 인한 다양한 피부 고민을 자연스럽게 개선 피부속 수분감 개선 권장주기 1~3개월 / 3~4회 시술",VAT 포함,건조하고 칙칙한 피부때문에 고민인 분 피부결 개선을 원하는 분 탄력없는 피부와 잔주름이 고민인 분 넓은 모공 크기를 축소시키고 싶은 분,,,스킨보톡스 시술시간 30~60분 마취여부 크림마취 회복시간 약 3일 시술효과 1~2주 후,
https://www.yeoshin.co.kr/event/mobile/9218,리프팅,실리프팅,코프팅,WOOA 비수술 코프팅,https://d3gurpvil0se70.cloudfront.net/upfiles/images/product/PcRkOpTb21MBOi2VsjrnSJQ3TSI.jpg?q=90&f=webp&w=1024,9.5,24.0,66000.0,59000,우아성형외과의원,크림마취,,VAT 포함,,,,코시술 시술시간 30분 마취여부 냉각마취 회복시간 7일 시술효과 2~3주 후,
https://www.yeoshin.co.kr/event/mobile/16654,리프팅,레이저리프팅,텐써마,텐써마 리프팅 300샷,https://d3gurpvil0se70.cloudfront.net/upfiles/images/product/vdGgpTAF3FLK2So6KXfw4TZkvWg6.jpg?q=90&f=webp&w=1024,,,770000.0,763000,동안중심의원,서울특별시 강남구 압구정로48길 26 (신사동) 동안중심의원주소복사,"텐써마 #냉각시스템 #온도센서 한샷에 7번의 쿨링펄스로 부작용, 통증 Down! #피부윤곽개선 콜라겐의 변성/수축으로 피부 겉 탄력과 윤곽 개선 #모노폴라방식 피부 깊숙히 에너지를 전달하여 콜라겐 리모델링과 주름, 탄력개선! 권장주기 3개월 / 1회 이상 시술",VAT 포함,탄력없는 피부와 잔주름이 고민인 분 두툼한 이중턱이 고민인 분 늘어지고 처진 피부의 리프팅을 원하는 분 비수술적인 리프팅 시술을 원하는 분,시술 특장점 쿨링 효과로 통증 감소 냉각시스템으로 통증 컨트롤이 가능해 비교적 빠른 일상복귀가 가능합니다. 모노폴라 고주파로 콜라겐 생성 모노폴라 방식의 고주파를 피부 깊숙히 전달해 콜라겐을 리모델링 합니다. 4가지 어플리케이터 사용 개인의 피부 상태나 부위에 따라 4가지 팁을 이용하여 맞춤 리프팅이 가능합니다.,"시술 후 관리와 회복 시간은 어떤가요? 통증, 홍조, 부기가 비교적 적은 편이기 때문에 빠른 일상생활이 가능하며 관리가 따로 필요하지 않습니다. 시술 후 효과는 언제부터 나타나나요? 시술 후 2~3일 이후 서서히 피부가 개선되는 효과를 기대할 수 있습니다.",텐써마 시술시간 30~60분 마취여부 크림마취 회복시간 당일 시술효과 3달 후,"주의사항 1 열감, 홍반, 건조함이 있을 수 있으나 일주일 내에 호전됩니다. 2 세안과 화장은 당일에는 피해주시고 시술 다음날부터는 가능합니다. 3 열감과 건조함은 고주파 열에 의한 것으로 재생/보습크림 사용시 완화됩니다. 4 일주일간 필링이나 스크럽은 피해주세요."
https://www.yeoshin.co.kr/event/mobile/25515,리프팅,레이저리프팅,텐써마,탄력리프팅에는 텐써마,https://d3gurpvil0se70.cloudfront.net/upfiles/images/product/6TDKsHtOobDGFqaMx8H5mfGDu8F.jpg?q=90&f=webp&w=1024,,,,462000,더제이의원,서울특별시 강남구 학동로 337 (논현동) H타워 8층 주소복사,"텐써마 #냉각시스템 #온도센서 한샷에 7번의 쿨링펄스로 부작용, 통증 Down! #피부윤곽개선 콜라겐의 변성/수축으로 피부 겉 탄력과 윤곽 개선 #모노폴라방식 피부 깊숙히 에너지를 전달하여 콜라겐 리모델링과 주름, 탄력개선! 권장주기 6개월 / 1회 이상 시술",,탄력없는 피부와 잔주름이 고민인 분 두툼한 이중턱이 고민인 분 늘어지고 처진 피부의 리프팅을 원하는 분 비수술적인 리프팅 시술을 원하는 분,시술 특장점 쿨링 효과로 통증 감소 냉각시스템으로 통증 컨트롤이 가능해 비교적 빠른 일상복귀가 가능합니다. 모노폴라 고주파로 콜라겐 생성 모노폴라 방식의 고주파를 피부 깊숙히 전달해 콜라겐을 리모델링 합니다. 4가지 어플리케이터 사용 개인의 피부 상태나 부위에 따라 4가지 팁을 이용하여 맞춤 리프팅이 가능합니다.,"시술 후 관리와 회복 시간은 어떤가요? 통증, 홍조, 부기가 비교적 적은 편이기 때문에 빠른 일상생활이 가능하며 관리가 따로 필요하지 않습니다. 시술 후 효과는 언제부터 나타나나요? 시술 후 2~3일 이후 서서히 피부가 개선되는 효과를 기대할 수 있습니다.",텐써마 시술시간 20~30분 마취여부 크림마취 회복시간 당일 시술효과 2~4주 후,"주의사항 1 열감, 홍반, 건조함이 있을 수 있으나 일주일 내에 호전됩니다. 2 세안과 화장은 당일에는 피해주시고 시술 다음날부터는 가능합니다. 3 열감, 건조함은 고주파 열에 의한 것이니 재생/보습크림을 잘 발라주세요."
https://www.yeoshin.co.kr/event/mobile/18055,리프팅,레이저리프팅,올리지오리프팅,"올리지오,국내 피부 맞춤 리프팅",https://d3gurpvil0se70.cloudfront.net/upfiles/images/product/ZABWkTKC18x7t8m248kT77cRjreA.jpg?q=90&f=webp&w=1024,,,660000.0,653000,휴먼피부과의원(청라점),크림마취,"올리지오 #고주파리프팅 #콜라겐활성화 RF 고주파를 이용하여 진피층의 콜라겐 활성화 #한국인 피부를 대상으로 개발 진피층까지 열을 전달하여 이중턱, 피부처짐, 피부결 등을 개선 #비침습 #오랜유지기간 비침습적 방식으로 통증이 덜하며 비교적 오랜 유지기간 기대 가능",VAT 포함,피부의 전체적인 탄력 개선을 원하는 분 늘어진 모공과 피부결을 개선하고 싶은 분 처진 볼살과 턱살이 고민인 분 회복시간이 긴 시술은 부담스러운 분,시술 특장점 피부 표피를 보호하며 에너지 전달 쿨링시스템과 진동기술이 표피를 보호하며 피부 깊은 곳까지 에너지를 전달합니다. 온도체크로 부작용 줄임 피부 접촉면의 실시간 온도 체크를 통해 부작용을 줄입니다. 최적화된 에너지 출력 조직 내 전류 흐름이 원활한 상태인지 체크해 최적화된 에너지를 출력합니다.,"레이저 시술 시 통증은 어떤가요? 올리지오는 따뜻한 열감 정도만 느껴지는 수준으로 마취없이 시술이 가능할 정도입니다. 또한 쿨링 시스템과 진동 모드로 통증을 덜 수 있습니다. 올리지오 시술 후 일상생활이 가능한가요? 시술 후 빠르게 일상 생활이 가능합니다. 시술 시 부작용이 있나요? 개인에 따라 약간의 부기가 1~2일 정도 발생할 수 있습니다. 시술 후 관리는 어떻게 하나요? 시술 부위를 마사지하거나 문지르지 마시고, 수분크림을 자주 발라주세요.",올리지오 시술시간 30~40분 마취여부 크림마취 회복시간 약 1~2일 시술효과 1~2주 후,"주의사항 1 시술 후 일주일 정도 필링 시술, 스크럽제 사용을 피하는 것이 좋습니다. 2 외출시 자외선 차단제를 꼼꼼히 발라주세요. 3 시술 후 미세한 붉은기나 부기는 하루정도 지속될 수 있습니다. 4 시술 후 약 일주일간은 사우나, 찜질방 등 고온다습한 곳은 피해주세요. 5 시술 후 수분 보습제를 충분히 발라주세요. 6 시술 후 3~4일간 과격하고 무리한 운동은 자제해주세요. 7 시술 후 세안 및 메이크업이 가능하며, 저자극 클렌저 사용을 권장합니다. 8 시술 후 일주일간 기능성 화장품, 오일류 제품 사용은 피해주세요. 9 시술 후 음주 및 흡연을 자제해주세요."
https://www.yeoshin.co.kr/event/mobile/18182,리프팅,레이저리프팅,텐써마,5세대 리프팅 텐써마 300샷,https://d3gurpvil0se70.cloudfront.net/upfiles/images/product/bsO9pNWVNsR8QXY6X06ispT8sMG.jpg?q=90&f=webp&w=1024,,,500000.0,493000,푸른의원,경기도 김포시 풍무로 76 푸른의원주소복사,"텐써마 #냉각시스템 #온도센서 한샷에 7번의 쿨링펄스로 부작용, 통증 Down! #피부윤곽개선 콜라겐의 변성/수축으로 피부 겉 탄력과 윤곽 개선 #모노폴라방식 피부 깊숙히 에너지를 전달하여 콜라겐 리모델링과 주름, 탄력개선! 권장주기 1개월 / 3회 이상 시술",VAT 포함,탄력없는 피부와 잔주름이 고민인 분 두툼한 이중턱이 고민인 분 늘어지고 처진 피부의 리프팅을 원하는 분 비수술적인 리프팅 시술을 원하는 분,,,텐써마 시술시간 30~60분 마취여부 크림마취 회복시간 당일 시술효과 3개월 후,
https://www.yeoshin.co.kr/event/mobile/24011,리프팅,실리프팅,실리프팅,"대용량V라인, 민트실리프팅 무제한",https://d3gurpvil0se70.cloudfront.net/upfiles/images/product/zSERCOVbfK3nDG8utE9RfnQSYUF2.jpg?q=90&f=webp&w=1024,,,1320000.0,1313000,미나성형외과,크림마취,민트실 #녹는실 #라인개선 녹는실을 얼굴 부위에 삽입하여 잔주름과 얼굴 라인 개선을 동시에! #즉각적 #리프팅 비수술적인 방법으로 즉각적이고 높은 리프팅 효과 #360 #강한고정력 돌출형 돌기가 360도 회전해 실 전체에 분포되어 있어 높은 고정력 권장주기 6개월 / 1회 시술,VAT 포함,잔주름 깊은 주름으로 고민하시는 분 탄력이 떨어져 처진 얼굴살을 정리하고 싶은 분 비수술적인 리프팅 시술을 원하는 분 처진 피부를 리프팅하고 이중턱을 개선하고 싶은 분,시술 특장점 360도 입체돌기 특허받은 몰딩형 360도 돌기실로 오랜 유지력을 기대할 수 있습니다. 강력한 인장력 늘어진 피부를 강력하게 끌어당겨 안티에이징 효과가 있습니다. 콜라겐 생성 촉진 피부의 콜라겐 활성을 촉진시켜 자연스러운 효과를 기대할 수 있습니다.,시술 시 통증은 어느 정도인가요? 따끔한 정도의 통증은 발생하며 시술부위 및 예민한 정도에 따라 다르게 느껴질 수 있습니다. 효과는 언제 나타나나요? 약 2~3주 후에 효과가 나타나지만 개인에 따라 다를 수 있습니다.,민트실 시술시간 40분 마취여부 수면마취 회복시간 약 7일 시술효과 2~3주 후,"주의사항 1 음주, 흡연은 2주 정도 금해주세요. 2 7일간 사우나, 찜질방 등 고온다습한 곳은 피해주세요. 3 3~4일간 과격하고 무리한 운동은 자제해주세요."
https://www.yeoshin.co.kr/event/mobile/19217,보톡스,주름보톡스,잔주름보톡스,보톡스,https://d3gurpvil0se70.cloudfront.net/upfiles/images/product/MOwfUirj5j5Qxsm6K0G2guR8Xpt2.png?q=90&f=webp&w=1024,10.0,1.0,35000.0,28000,삼성필의원(시흥),,"주름보톡스 #주름예방 #습관교정 표정 주름을 만드는 근육을 마비시켜 근육 사용 습관 교정 및 주름 예방에 효과적 #미세주름개선 미세 주름이 많은 미간, 이마, 눈가 등에 주사하여 전체적인 주름을 개선 권장주기 3~6개월 / 1회 시술",VAT 포함,얼굴의 주름을 자연스럽게 개선하고 싶은 분 눈가의 잔주름 개선을 원하는 분 탄력없는 피부와 잔주름이 고민인 분 잔주름을 개선하고 싶은 분,시술 특장점 표정으로 인한 주름 개선 표정주름을 만드는 근육을 풀어주어 주름을 개선해줍니다. 주름 예방 효과 표정 근육의 사용 습관 교정 및 주름 예방 효과가 있습니다. 밝은 인상으로 개선 찡그릴 때 생긴 주름으로 인해 인상쓰는 것처럼 보이는 이미지를 개선해줍니다.,"시술 시 통증은 없나요? 개인에 따라 차이가 있지만 마취가 필요할 경우 크림마취를 진행하고 있으며, 약간의 통증이 있을 수 있습니다. 효과는 언제 나타나나요? 개인차가 있지만, 약 1~2주 후부터 효과가 나타나기 시작합니다.",주름보톡스 시술시간 10분 마취여부 크림마취 회복시간 약 1일 시술효과 1~2주 후,"주의사항 1 시술 후 음주 및 흡연을 자제해주세요. 2 시술 후 시술 부위를 강하게 마사지하거나 누르지 말아주세요. 3 약 일주일간은 사우나, 찜질방 등 고온다습한 곳은 피해주세요."
https://www.yeoshin.co.kr/event/mobile/21013,피부,피부레이저,포텐자,청담엔샤인 포텐자 600샷 여신 피부 완성,https://d3gurpvil0se70.cloudfront.net/upfiles/images/product/UMONJWknS8dRutpHh9SPxJZAKlr7.png?q=90&f=webp&w=1024,,,330000.0,323000,청담엔샤인의원,크림마취,"포텐자 #포텐자600샷 #모공순삭 #탄력여신 정교한 포텐자 600샷(모공 모드)으로 넓어진 모공과 처진 피부의 근본적인 탄력을 끌어올립니다. 시술 직후 재생과 보습을 돕는 스킨부스터를 듬뿍 도포하여 효과를 극대화하며, 마지막은 크라이오 관리로 피부 진정 및 쿨링 케어까지 완벽하게 마무리합니다. 피부 속부터 촘촘해지는 변화를 경험하세요! #포텐자여신메뉴 #광채피부 #크라이오진정 포텐자 600샷(모공/탄력 모드) 시술 후, 피부 맞춤형 고농축 스킨부스터를 전체적으로 도포하여 재생과 수분 장벽 강화를 돕습니다. 시술로 인한 열감을 빠르게 낮추고 피부를 진정시키는 크라이오 관리를 포함하여 다운타임을 줄였습니다. 모공 타이트닝은 물론, 맑고 건강한 광채 피부를 완성해 보세요. #청담엔샤인 #연말준비 #피부시너지 포텐자 600샷으로 모공을 촘촘하게 조이고 피부 속 콜라겐 재생을 촉진합니다. 여기에 피부 컨디션에 맞는 스킨부스터를 아낌없이 도포하여 재생 효과를 배가시키며, 크라이오 관리로 피부 온도를 낮춰 붉음증과 자극을 최소화합니다. 리프팅 이벤트와 함께 [여신 메뉴]로 시너지 효과를 느껴보세요! 권장주기 4주 / 3회 이상 시술",VAT 포함,여드름 흉터가 고민인 분 전체적인 피부 개선을 원하는 분 넓은 모공 크기를 축소시키고 싶은 분 자연스러운 피부 탄력 개선이 필요한 분,,,포텐자 시술시간 30~60분 마취여부 연마취 회복시간 약 1주 시술효과 2~3일 후,
https://www.yeoshin.co.kr/event/mobile/26713,피부,필링,필링,"겨드랑이 제모, 미백, 겨땀억제",https://d3gurpvil0se70.cloudfront.net/upfiles/images/product/ucLk068vvO0fevLXE4y5RJoIA0j3.jpg?q=90&f=webp&w=1024,9.2,5.0,11000.0,6100,제이필의원(홍대점),크림마취,,VAT 포함,,,,여성제모 시술시간 5~10분 마취여부 마취없음 회복시간 당일 시술효과 1~2주 후,
https://www.yeoshin.co.kr/event/mobile/21136,코성형,코재수술,코재수술,진짜 마지막 코재수술은 바나나에서!,https://d3gurpvil0se70.cloudfront.net/upfiles/images/product/M25DNLmHt8mrC96qGd8ixEtPsil3.jpg?q=90&f=webp&w=1024,,,,2950000,바나나성형외과의원,수면마취,,,,,,코재수술 시술시간 2시간 마취여부 전신/수면 회복시간 7일 시술효과 1~3개월,
https://www.yeoshin.co.kr/event/mobile/27590,리프팅,레이저리프팅,인모드리프팅,인모드 Forma,https://d3gurpvil0se70.cloudfront.net/upfiles/images/product/XHjr9axZcZt1aG6jOW7XxNYlzGV6.jpg?q=90&f=webp&w=1024,,,97900.0,90900,리베리의원(마포점),크림마취,"인모드 FORMA #강한열자극 진피층에 강한 열자극으로 콜라겐 생성 및 엘라스틴 재생 촉진 #타이트닝 #리프팅 지방분해, 리프팅, 콜라겐 리모델링, 타이트닝 등의 효과 기대 #안전성 #리프팅레이저 미국 FDA 승인을 통과하여 안전성 높은 리프팅 레이저 권장주기 2~4주 / 3회 이상 시술",VAT 포함,피부 타이트닝 효과를 얻고 싶은 분 잔주름이나 리프팅에 관심있는 분 늘어지고 처진 피부의 리프팅을 원하는 분 콜라겐 생성 촉진으로 자연스러운 효과를 원하는 분,"시술 특장점 자국이 남지않아 일상생활이 가능 고주파 팁을 롤링하는 형식으로 멍,자국이 남지않아 바로 일상생활이 가능합니다. 콜라겐 생성 과 엘라스틴 재생 고주파 에너지를 조사해 콜라겐 생성과 엘라스틴 재생을 촉진시켜 줍니다.","인모드 FX 모드와 FORMA 모드의 차이는 무엇인가요? FX 모드는 지방 세포의 사멸을 유도해 이중턱, 심부볼 개선에 효과적이며, Forma 모드는 처진 피부를 리프팅하는 효과가 있습니다. 시술 후 자국 또는 붓기가 많이 심한가요? 인모드는 고주파 열을 사용하기 때문에 시술 후 약간의 열감은 있으나 부종은 거의 생기지 않습니다.",인모드 FORMA 시술시간 30~40분 마취여부 크림마취 회복시간 약 3일 시술효과 약 2주 후,"주의사항 1 얼굴에 붉은기와 열감을 동반한 홍조가 일시적으로 나타날 수 있습니다. 2 시술 후 시술 자국, 붓기, 멍은 3~4일 내에 자연스럽게 사라집니다. 3 시술 후에는 따뜻한 느낌의 지속을 위해 미온수로 세안을 권장합니다."
https://www.yeoshin.co.kr/event/mobile/23094,필러,얼굴필러,입술필러,뷰티블라썸 입술필러_자연미&디자인 노하우,https://d3gurpvil0se70.cloudfront.net/upfiles/images/product/xBsPmfmMzcETI0Ud4sej7JrfL5e6.png?q=90&f=webp&w=1024,9.6,12.0,110000.0,103000,뷰티블라썸의원,"서울특별시 마포구 양화로 66 (서교동) 5층,6층주소복사",입술필러 #주름개선 #볼륨개선 볼륨이 필요한 부위에 히알루론산 성분의 필러를 주입하여 고민 부위를 개선 #입술볼륨개선 #입체감 얇거나 비대칭인 입술에 볼륨을 채워 또렷하고 입체감있는 입술로 개선 #비수술적 #자연스러움 비수술적인 방법으로 자연스러운 볼륨감 기대 권장주기 1년 / 1회 시술,VAT 포함,볼륨감 있는 입술을 원하는 분 이목구비에 비해 입술이 얇아 고민인 분 입술 비대칭이 고민인 분 도톰한 입술과 자연스러운 입꼬리를 원하는 분,,,입술필러 시술시간 20~40분 마취여부 크림마취 회복시간 약 7일 시술효과 1~2주 후,
https://www.yeoshin.co.kr/event/mobile/13224,리프팅,레이저리프팅,더블로리프팅,더블로골드리프팅,https://d3gurpvil0se70.cloudfront.net/upfiles/images/product/4259821417.jpg?q=90&f=webp&w=1024,,,198000.0,191000,더청담의원,서울특별시 마포구 서강로 106 (신수동) 2층 더청담의원주소복사,더블로 HIFU(고강도 직접초음파)가 진피층과 피부처짐의 원인인 근막층에 빠른 리프팅&주름개선 효과를 얻을 수 있는 장비로 주름 탄력에 미치는 콜라겐이 진피층 및 파하지방 아래의 깊은 근막층까지 에너지가 전달되어 피부의 탄력을 되찾아주는 리프팅 시술입니다. 권장주기 1~3개월 / 1회 시술,VAT 포함,"노화로 인해 처진 피부를 재생하고 싶은 분 팔자/미간 주름, 잔주름, 이중턱 등이 고민인 분 처진 눈꺼풀과 힘없는 입가가 고민인 분",,"시술 후 효과가 언제쯤 나타나나요? 시술 후 빠른 피부당김을 느끼실 수 있으며, 점진적으로 변화를 보실 수 있습니다. 몇 회의 시술을 받으면 좋을까요? 더블로는 적은 시술만으로도 충분한 효과를 얻을 수 있으나, 피부의 탄력저하의 정도나 처진 상태에 따라 추가적인 시술이 필요할 수 있으므로 전문 의료진과의 상담을 통해 결정하는 것이 좋습니다.",더블로 시술시간 60분 마취여부 크림마취 회복시간 3일 시술효과 2~4주 후,"주의사항 1 시술 후, 일주일간은 음주 및 흡연을 자제해주세요. 2 3~4일간 과격하고 무리한 운동은 자제해주세요. 3 시술 부위를 강하게 마사지하거나 누르지 말아주세요."
https://www.yeoshin.co.kr/event/mobile/4437,리프팅,레이저리프팅,에어젯리프팅,에어젯 리프팅,https://d3gurpvil0se70.cloudfront.net/upfiles/images/product/tGSgFQRcIyEpmaKlfXWX7DX6EhB2.jpg?q=90&f=webp&w=1024,9.4,138.0,132000.0,125000,데이원의원(강남역점),서울시 서초구 강남대로 423 데이원의원(강남역점)주소복사,"에어젯 #공기에너지 #약물침투 고압축 공기의 운동에너지를 이용해 피부에 미세한 구멍을 내고 특수약물 침투 #서브시전효과 #콜라겐재생 피부 아래 질긴 섬유조직을 끊어 시술 부위가 자연스럽게 차오르도록 콜라겐 자극 #피부탄력 #리프팅 피부 탄력 증대, 리프팅, 흉터 개선, 주름 개선 등에 효과적",VAT 포함,얼굴의 주름이 고민인 분 피부를 젊고 건강하게 만들고 싶은 분 시술시 통증에 대한 두려움이 큰 분 효과적인 피부 탄력 증대가 필요한 분,,,에어젯 시술시간 30분 마취여부 마취없음 회복시간 7일 시술효과 1주 후,
https://www.yeoshin.co.kr/event/mobile/27037,리프팅,레이저리프팅,LDM,"4세대 물광 필링! 쎄라필 1,2제+LDM",https://d3gurpvil0se70.cloudfront.net/upfiles/images/product/Rw1WcktyaKJMHnnBubXbtkTpZYQ6.jpg?q=90&f=webp&w=1024,9.0,1.0,,92000,메이린의원(성수점),크림마취,쎄라필 #섬유아세포 #활성화 각질층을 부드럽게 녹여주고 피부 깊숙히 유효성분을 침투시켜 섬유아세포 활성화 #항균효과 #피부보호 높은 항균 효과로 여드름 예방에 효과적이며 피부 표면을 보호 #멜라닌용해 #색소개선 멜라닌 세포 배출을 촉진하여 색소 개선에 효과적 권장주기 1주 / 3회 시술,,피부가 예민해 필링 시술을 받아보기 힘든 분 촉촉하고 수분감 있는 피부를 원하는 분 건조한 피부 때문에 화장이 잘 받지 않는 분 손상된 피부 장벽을 회복시켜 재생을 원하는 분,시술 특장점 섬유아세포 활성화 깊은 침투력으로 섬유아세포 활성화를 유도합니다. 저자극 각질 제거 자극없이 부드럽게 각질을 제거합니다. 즉각적 미백효과 멜라닌 결합 빈도를 줄여 미백과 물광효과를 느낄 수 있습니다.,"쎄라필은 어떤 효과가 있나요? 미백, 물광, 모공 축소, 여드름 개선 및 예방 등의 효과를 기대할 수 있습니다. 시술 후 피부 자극이 있나요? 각질을 부드럽게 녹여낸 뒤 피부 깊숙이 영양성분을 침투시키는 원리이기 때문에 열감과 따가움 등의 자극이 적습니다.",쎄라필 시술시간 20~30분 마취여부 마취없음 회복시간 당일 시술효과,주의사항 1 시술 후 3일간 알코올 성분 화장품 사용을 자제해주세요. 2 타 필링 시술은 일주일간 피해주세요. 3 외출 시 자외선 차단제를 잘 발라주세요.
